-- phpMyAdmin SQL Dump
-- version 5.2.1
-- https://www.phpmyadmin.net/
--
-- Servidor: 127.0.0.1
-- Tiempo de generación: 22-04-2026 a las 21:27:40
-- Versión del servidor: 10.4.32-MariaDB
-- Versión de PHP: 8.2.12

SET SQL_MODE = "NO_AUTO_VALUE_ON_ZERO";
START TRANSACTION;
SET time_zone = "+00:00";


/*!40101 SET @OLD_CHARACTER_SET_CLIENT=@@CHARACTER_SET_CLIENT */;
/*!40101 SET @OLD_CHARACTER_SET_RESULTS=@@CHARACTER_SET_RESULTS */;
/*!40101 SET @OLD_COLLATION_CONNECTION=@@COLLATION_CONNECTION */;
/*!40101 SET NAMES utf8mb4 */;

--
-- Base de datos: `chatbot_tienda`
--

DELIMITER $$
--
-- Procedimientos
--
CREATE DEFINER=`root`@`localhost` PROCEDURE `buscar_productos` (IN `p_texto` VARCHAR(255), IN `p_categoria` VARCHAR(50), IN `p_genero` VARCHAR(20), IN `p_color` VARCHAR(50), IN `p_talla` VARCHAR(10), IN `p_precio_min` DECIMAL(10,2), IN `p_precio_max` DECIMAL(10,2))   BEGIN
  SELECT DISTINCT
    p.id, p.nombre, p.precio,
    c.nombre AS categoria,
    p.genero, p.stock, p.rating, p.imagen_url
  FROM productos p
  JOIN categorias c              ON p.categoria_id = c.id
  LEFT JOIN producto_colores pc  ON pc.producto_id  = p.id
  LEFT JOIN producto_tallas  pt  ON pt.producto_id  = p.id
  WHERE p.activo = 1
    AND (p_texto      IS NULL OR MATCH(p.nombre,p.descripcion) AGAINST(p_texto IN BOOLEAN MODE)
                              OR p.nombre LIKE CONCAT('%',p_texto,'%'))
    AND (p_categoria  IS NULL OR c.nombre  = UPPER(p_categoria))
    AND (p_genero     IS NULL OR p.genero  = p_genero)
    AND (p_color      IS NULL OR pc.color  LIKE CONCAT('%',p_color,'%'))
    AND (p_talla      IS NULL OR pt.talla  = p_talla)
    AND (p_precio_min IS NULL OR p.precio >= p_precio_min)
    AND (p_precio_max IS NULL OR p.precio <= p_precio_max)
  ORDER BY p.rating DESC, p.nombre
  LIMIT 20;
END$$

CREATE DEFINER=`root`@`localhost` PROCEDURE `guardar_mensaje` (IN `p_sesion_id` VARCHAR(64), IN `p_rol` ENUM('user','bot'), IN `p_mensaje` TEXT, IN `p_intent_detectado` VARCHAR(60), IN `p_confianza` DECIMAL(5,4))   BEGIN
  INSERT IGNORE INTO sesiones (sesion_id) VALUES (p_sesion_id);
  INSERT INTO historial_chat (sesion_id, rol, mensaje, intent_detectado, confianza)
  VALUES (p_sesion_id, p_rol, p_mensaje, p_intent_detectado, p_confianza);
END$$

CREATE DEFINER=`root`@`localhost` PROCEDURE `upsert_memoria` (IN `p_sesion_id` VARCHAR(64), IN `p_ultimo_tag` VARCHAR(60), IN `p_filtros` JSON, IN `p_producto_id` SMALLINT UNSIGNED, IN `p_historial_tags` JSON)   BEGIN
  -- Crear sesión si no existe
  INSERT IGNORE INTO sesiones (sesion_id) VALUES (p_sesion_id);

  -- Upsert memoria
  INSERT INTO memoria_usuario
    (sesion_id, ultimo_tag, filtros_activos, producto_id_actual, historial_tags)
  VALUES
    (p_sesion_id, p_ultimo_tag, p_filtros, p_producto_id, p_historial_tags)
  ON DUPLICATE KEY UPDATE
    ultimo_tag         = VALUES(ultimo_tag),
    filtros_activos    = VALUES(filtros_activos),
    producto_id_actual = VALUES(producto_id_actual),
    historial_tags     = VALUES(historial_tags);
END$$

DELIMITER ;

-- --------------------------------------------------------

--
-- Estructura de tabla para la tabla `categorias`
--

CREATE TABLE `categorias` (
  `id` tinyint(3) UNSIGNED NOT NULL,
  `nombre` varchar(50) NOT NULL
) ENGINE=InnoDB DEFAULT CHARSET=utf8mb4 COLLATE=utf8mb4_unicode_ci;

--
-- Volcado de datos para la tabla `categorias`
--

INSERT INTO `categorias` (`id`, `nombre`) VALUES
(4, 'ACCESORIOS'),
(1, 'CALZADO'),
(3, 'PANTALONES'),
(2, 'POLOS');

-- --------------------------------------------------------

--
-- Estructura de tabla para la tabla `historial_chat`
--

CREATE TABLE `historial_chat` (
  `id` int(10) UNSIGNED NOT NULL,
  `sesion_id` varchar(64) NOT NULL,
  `rol` enum('user','bot') NOT NULL,
  `mensaje` text NOT NULL,
  `intent_detectado` varchar(60) DEFAULT NULL,
  `confianza` decimal(5,4) DEFAULT NULL,
  `creado_en` timestamp NOT NULL DEFAULT current_timestamp()
) ENGINE=InnoDB DEFAULT CHARSET=utf8mb4 COLLATE=utf8mb4_unicode_ci;

-- --------------------------------------------------------

--
-- Estructura de tabla para la tabla `intenciones`
--

CREATE TABLE `intenciones` (
  `id` smallint(5) UNSIGNED NOT NULL,
  `tag` varchar(60) NOT NULL,
  `descripcion` varchar(255) DEFAULT NULL,
  `umbral_confianza` decimal(4,3) NOT NULL DEFAULT 0.750,
  `activo` tinyint(1) NOT NULL DEFAULT 1,
  `creado_en` timestamp NOT NULL DEFAULT current_timestamp()
) ENGINE=InnoDB DEFAULT CHARSET=utf8mb4 COLLATE=utf8mb4_unicode_ci;

--
-- Volcado de datos para la tabla `intenciones`
--

INSERT INTO `intenciones` (`id`, `tag`, `descripcion`, `umbral_confianza`, `activo`, `creado_en`) VALUES
(1, 'saludo', 'El usuario saluda o inicia conversación', 0.750, 1, '2026-04-22 19:07:24'),
(2, 'despedida', 'El usuario se despide o termina la sesión', 0.750, 1, '2026-04-22 19:07:24'),
(3, 'buscar_producto', 'El usuario quiere buscar o ver productos', 0.100, 1, '2026-04-22 19:07:24'),
(4, 'filtrar_categoria', 'El usuario filtra por categoría de producto', 0.750, 1, '2026-04-22 19:07:24'),
(5, 'filtrar_genero', 'El usuario filtra por género (hombre/mujer)', 0.750, 1, '2026-04-22 19:07:24'),
(6, 'consulta_precio', 'El usuario pregunta por precios', 0.750, 1, '2026-04-22 19:07:24'),
(7, 'colores', 'El usuario pregunta por colores disponibles', 0.100, 1, '2026-04-22 19:07:24'),
(8, 'pedidos', 'El usuario pregunta sobre pedidos o compras', 0.750, 1, '2026-04-22 19:07:24'),
(9, 'reclamos', 'El usuario tiene una queja o reclamo', 0.750, 1, '2026-04-22 19:07:24'),
(10, 'promociones', 'El usuario pregunta por ofertas o promociones', 0.750, 1, '2026-04-22 19:07:24'),
(11, 'agradecimiento', 'El usuario agradece', 0.750, 1, '2026-04-22 19:07:24'),
(12, 'consultar_stock_item', 'El usuario consulta disponibilidad de un producto', 0.100, 1, '2026-04-22 19:07:24'),
(13, 'fuera_de_dominio', 'El usuario pregunta algo fuera del alcance', 0.120, 1, '2026-04-22 19:07:24'),
(14, 'informacion_tienda', 'El usuario pide información sobre la tienda', 0.750, 1, '2026-04-22 19:07:24');

-- --------------------------------------------------------

--
-- Estructura de tabla para la tabla `memoria_usuario`
--

CREATE TABLE `memoria_usuario` (
  `sesion_id` varchar(64) NOT NULL,
  `ultimo_tag` varchar(60) DEFAULT NULL,
  `filtros_activos` longtext CHARACTER SET utf8mb4 COLLATE utf8mb4_bin DEFAULT NULL CHECK (json_valid(`filtros_activos`)),
  `producto_id_actual` smallint(5) UNSIGNED DEFAULT NULL,
  `fuente_catalogo` varchar(20) NOT NULL DEFAULT 'scraped',
  `historial_tags` longtext CHARACTER SET utf8mb4 COLLATE utf8mb4_bin DEFAULT NULL CHECK (json_valid(`historial_tags`)),
  `actualizado_en` timestamp NOT NULL DEFAULT current_timestamp() ON UPDATE current_timestamp()
) ENGINE=InnoDB DEFAULT CHARSET=utf8mb4 COLLATE=utf8mb4_unicode_ci;

-- --------------------------------------------------------

--
-- Estructura de tabla para la tabla `patrones`
--

CREATE TABLE `patrones` (
  `id` int(10) UNSIGNED NOT NULL,
  `intencion_id` smallint(5) UNSIGNED NOT NULL,
  `texto` varchar(400) NOT NULL,
  `activo` tinyint(1) NOT NULL DEFAULT 1,
  `creado_en` timestamp NOT NULL DEFAULT current_timestamp()
) ENGINE=InnoDB DEFAULT CHARSET=utf8mb4 COLLATE=utf8mb4_unicode_ci;

--
-- Volcado de datos para la tabla `patrones`
--

INSERT INTO `patrones` (`id`, `intencion_id`, `texto`, `activo`, `creado_en`) VALUES
(1, 1, 'Hola buenas', 1, '2026-04-22 19:07:24'),
(2, 1, 'Buen día', 1, '2026-04-22 19:07:24'),
(3, 1, 'Buenos días', 1, '2026-04-22 19:07:24'),
(4, 1, 'Buenas tardes', 1, '2026-04-22 19:07:24'),
(5, 1, 'Buenas noches', 1, '2026-04-22 19:07:24'),
(6, 1, 'Hola SENATI', 1, '2026-04-22 19:07:24'),
(7, 1, 'Hola SENATI SPORTS', 1, '2026-04-22 19:07:24'),
(8, 1, 'Hola que tal', 1, '2026-04-22 19:07:24'),
(9, 1, 'Qué tal', 1, '2026-04-22 19:07:24'),
(10, 1, 'Que tal', 1, '2026-04-22 19:07:24'),
(11, 1, 'Ke tal', 1, '2026-04-22 19:07:24'),
(12, 1, 'K tal', 1, '2026-04-22 19:07:24'),
(13, 1, 'Ola buenas', 1, '2026-04-22 19:07:24'),
(14, 1, 'Hello', 1, '2026-04-22 19:07:24'),
(15, 1, 'Saludos', 1, '2026-04-22 19:07:24'),
(16, 1, 'Hola hay alguien', 1, '2026-04-22 19:07:24'),
(17, 1, 'Hay alguien', 1, '2026-04-22 19:07:24'),
(18, 1, 'Buenas gente', 1, '2026-04-22 19:07:24'),
(19, 1, 'Hola amigo', 1, '2026-04-22 19:07:24'),
(20, 1, 'Hola amiga', 1, '2026-04-22 19:07:24'),
(21, 1, 'Hola bot', 1, '2026-04-22 19:07:24'),
(22, 1, 'Hola asistente', 1, '2026-04-22 19:07:24'),
(23, 1, 'Muy buenas', 1, '2026-04-22 19:07:24'),
(24, 1, 'Buen dia', 1, '2026-04-22 19:07:24'),
(25, 1, 'Buenas tardes gente', 1, '2026-04-22 19:07:24'),
(26, 1, 'Holaaa que tal', 1, '2026-04-22 19:07:24'),
(27, 1, 'Qué hay', 1, '2026-04-22 19:07:24'),
(28, 1, 'Que hay', 1, '2026-04-22 19:07:24'),
(29, 1, 'Cómo estás', 1, '2026-04-22 19:07:24'),
(30, 1, 'Como estas', 1, '2026-04-22 19:07:24'),
(31, 1, 'Cómo va', 1, '2026-04-22 19:07:24'),
(32, 1, 'Como va todo', 1, '2026-04-22 19:07:24'),
(33, 1, 'Saludos cordiales', 1, '2026-04-22 19:07:24'),
(34, 1, 'Hola de nuevo', 1, '2026-04-22 19:07:24'),
(35, 1, 'Volví', 1, '2026-04-22 19:07:24'),
(36, 1, 'De vuelta por aquí', 1, '2026-04-22 19:07:24'),
(37, 1, 'Hola necesito ayuda', 1, '2026-04-22 19:07:24'),
(38, 1, 'Hola quiero comprar', 1, '2026-04-22 19:07:24'),
(39, 1, 'Hola busco algo', 1, '2026-04-22 19:07:24'),
(40, 1, 'Hola estoy aquí', 1, '2026-04-22 19:07:24'),
(41, 1, 'Buenas noches SENATI', 1, '2026-04-22 19:07:24'),
(42, 1, 'Buenos dias', 1, '2026-04-22 19:07:24'),
(43, 1, 'Buenasss', 1, '2026-04-22 19:07:24'),
(44, 1, 'Hola hola', 1, '2026-04-22 19:07:24'),
(45, 1, 'hola mi rey', 1, '2026-04-22 19:07:24'),
(46, 1, 'muy buenas madrugadas', 1, '2026-04-22 19:07:24'),
(47, 1, 'hola hay algun asesor', 1, '2026-04-22 19:07:24'),
(48, 1, 'que tal todo por ahi', 1, '2026-04-22 19:07:24'),
(49, 1, 'buen inicio de semana', 1, '2026-04-22 19:07:24'),
(50, 1, 'hola como amaneciste', 1, '2026-04-22 19:07:24'),
(51, 1, 'saludos desde casa', 1, '2026-04-22 19:07:24'),
(52, 1, 'buenas buenas a todos', 1, '2026-04-22 19:07:24'),
(53, 1, 'ey bot, estas vivo?', 1, '2026-04-22 19:07:24'),
(54, 1, 'hi hello', 1, '2026-04-22 19:07:24'),
(55, 1, 'hola que mas', 1, '2026-04-22 19:07:24'),
(56, 1, 'que cuentan', 1, '2026-04-22 19:07:24'),
(57, 1, 'un saludo cordial', 1, '2026-04-22 19:07:24'),
(58, 1, 'buenas, queria hacer una consulta', 1, '2026-04-22 19:07:24'),
(59, 1, 'hola bro', 1, '2026-04-22 19:07:24'),
(60, 1, 'qtal', 1, '2026-04-22 19:07:24'),
(61, 1, 'hola amigazo', 1, '2026-04-22 19:07:24'),
(62, 1, 'tardes ya', 1, '2026-04-22 19:07:24'),
(63, 1, 'hola me ayudas', 1, '2026-04-22 19:07:24'),
(64, 1, 'que hay de nuevo bot', 1, '2026-04-22 19:07:24'),
(65, 1, 'alo', 1, '2026-04-22 19:07:24'),
(66, 1, 'holanda', 1, '2026-04-22 19:07:24'),
(67, 1, 'buenas noches, todavia hay atencion a esta hora', 1, '2026-04-22 19:07:24'),
(68, 1, 'quien eres', 1, '2026-04-22 19:07:24'),
(69, 1, 'quien eres?', 1, '2026-04-22 19:07:24'),
(70, 1, 'que eres', 1, '2026-04-22 19:07:24'),
(71, 1, 'que puedes hacer', 1, '2026-04-22 19:07:24'),
(72, 1, 'que haces', 1, '2026-04-22 19:07:24'),
(73, 1, 'que cosas puedes hacer', 1, '2026-04-22 19:07:24'),
(74, 1, 'cual es tu funcion', 1, '2026-04-22 19:07:24'),
(75, 2, 'Adiós', 1, '2026-04-22 19:07:24'),
(76, 2, 'Adios', 1, '2026-04-22 19:07:24'),
(77, 2, 'Chao', 1, '2026-04-22 19:07:24'),
(78, 2, 'Chau', 1, '2026-04-22 19:07:24'),
(79, 2, 'Hasta luego', 1, '2026-04-22 19:07:24'),
(80, 2, 'Nos vemos', 1, '2026-04-22 19:07:24'),
(81, 2, 'Hasta pronto', 1, '2026-04-22 19:07:24'),
(82, 2, 'Me voy', 1, '2026-04-22 19:07:24'),
(83, 2, 'Luego hablamos', 1, '2026-04-22 19:07:24'),
(84, 2, 'Hablamos luego', 1, '2026-04-22 19:07:24'),
(85, 2, 'Gracias por todo', 1, '2026-04-22 19:07:24'),
(86, 2, 'Eso es todo', 1, '2026-04-22 19:07:24'),
(87, 2, 'Nada más', 1, '2026-04-22 19:07:24'),
(88, 2, 'Ok gracias', 1, '2026-04-22 19:07:24'),
(89, 2, 'Gracias eso era', 1, '2026-04-22 19:07:24'),
(90, 2, 'Bye', 1, '2026-04-22 19:07:24'),
(91, 2, 'Bye bye', 1, '2026-04-22 19:07:24'),
(92, 2, 'Cierro', 1, '2026-04-22 19:07:24'),
(93, 2, 'Termino', 1, '2026-04-22 19:07:24'),
(94, 2, 'Finalizar', 1, '2026-04-22 19:07:24'),
(95, 2, 'Salir', 1, '2026-04-22 19:07:24'),
(96, 2, 'Me retiro', 1, '2026-04-22 19:07:24'),
(97, 2, 'Gracias chao', 1, '2026-04-22 19:07:24'),
(98, 2, 'Muchas gracias adios', 1, '2026-04-22 19:07:24'),
(99, 2, 'Listo gracias', 1, '2026-04-22 19:07:24'),
(100, 2, 'Perfecto me voy', 1, '2026-04-22 19:07:24'),
(101, 2, 'Hasta mañana', 1, '2026-04-22 19:07:24'),
(102, 2, 'Nos vemos luego', 1, '2026-04-22 19:07:24'),
(103, 2, 'Cuídate', 1, '2026-04-22 19:07:24'),
(104, 2, 'Cuidate', 1, '2026-04-22 19:07:24'),
(105, 2, 'Gracias por la ayuda', 1, '2026-04-22 19:07:24'),
(106, 2, 'Ya está', 1, '2026-04-22 19:07:24'),
(107, 2, 'Eso sería todo', 1, '2026-04-22 19:07:24'),
(108, 2, 'Terminé', 1, '2026-04-22 19:07:24'),
(109, 2, 'Cierro chat', 1, '2026-04-22 19:07:24'),
(110, 2, 'Chao chao', 1, '2026-04-22 19:07:24'),
(111, 2, 'Hasta la próxima', 1, '2026-04-22 19:07:24'),
(112, 2, 'Me desconecto', 1, '2026-04-22 19:07:24'),
(113, 2, 'Gracias hasta luego', 1, '2026-04-22 19:07:24'),
(114, 2, 'Ok chao', 1, '2026-04-22 19:07:24'),
(115, 2, 'Adiós bot', 1, '2026-04-22 19:07:24'),
(116, 2, 'Chau chau', 1, '2026-04-22 19:07:24'),
(117, 2, 'chaufa', 1, '2026-04-22 19:07:24'),
(118, 2, 'hasta lueguito', 1, '2026-04-22 19:07:24'),
(119, 2, 'bueno me paso a retirar', 1, '2026-04-22 19:07:24'),
(120, 2, 'no necesito mas nada, adios', 1, '2026-04-22 19:07:24'),
(121, 2, 'chau gracias por todo', 1, '2026-04-22 19:07:24'),
(122, 2, 'ya me tengo que ir', 1, '2026-04-22 19:07:24'),
(123, 2, 'saludos a la familia', 1, '2026-04-22 19:07:24'),
(124, 2, 'nos vemos en la proxima compra', 1, '2026-04-22 19:07:24'),
(125, 2, 'hasta otro dia', 1, '2026-04-22 19:07:24'),
(126, 2, 'me voy', 1, '2026-04-22 19:07:24'),
(127, 2, 'chao pescao', 1, '2026-04-22 19:07:24'),
(128, 2, 'hablamos luego', 1, '2026-04-22 19:07:24'),
(129, 2, 'cierro sesion', 1, '2026-04-22 19:07:24'),
(130, 2, 'hasta la proxima', 1, '2026-04-22 19:07:24'),
(131, 2, 'nos vemos despues', 1, '2026-04-22 19:07:24'),
(132, 2, 'te dejo', 1, '2026-04-22 19:07:24'),
(133, 2, 'bye bye', 1, '2026-04-22 19:07:24'),
(134, 2, 'hasta la vista baby', 1, '2026-04-22 19:07:24'),
(135, 2, 'ya me retiro de la pagina', 1, '2026-04-22 19:07:24'),
(136, 2, 'chao cuidate', 1, '2026-04-22 19:07:24'),
(137, 2, 'nos vidrios', 1, '2026-04-22 19:07:24'),
(138, 2, 'gracias adios', 1, '2026-04-22 19:07:24'),
(139, 2, 'fue un placer adios', 1, '2026-04-22 19:07:24'),
(140, 2, 'desconectarme', 1, '2026-04-22 19:07:24'),
(141, 2, 'salir del chat', 1, '2026-04-22 19:07:24'),
(142, 2, 'ya con esto termino chau', 1, '2026-04-22 19:07:24'),
(143, 2, 'adios me voy', 1, '2026-04-22 19:07:24'),
(144, 2, 'cerremos el sistema chao', 1, '2026-04-22 19:07:24'),
(145, 2, 'ya me tengo que retirar fue un verdadero gusto adios', 1, '2026-04-22 19:07:24'),
(146, 2, 'eso es todo no necesito mas preguntas chao', 1, '2026-04-22 19:07:24'),
(147, 2, 'cerrando comunicacion nos vemos despues robot', 1, '2026-04-22 19:07:24'),
(148, 2, 'hasta la proxima oportunidad de compra amigo', 1, '2026-04-22 19:07:24'),
(149, 2, 'me despido de ti que tengas una gran jornada', 1, '2026-04-22 19:07:24'),
(150, 2, 'finalizar atencion en el chat por ahora nos vemos', 1, '2026-04-22 19:07:24'),
(151, 2, 'ya termine chao cuidate mucho hasta la otra', 1, '2026-04-22 19:07:24'),
(152, 2, 'cerraremos la sesion de la tienda web adiosito', 1, '2026-04-22 19:07:24'),
(153, 2, 'ya me tengo que retirar fue un verdadero gusto adios', 1, '2026-04-22 19:07:24'),
(154, 2, 'eso es todo no necesito mas preguntas chao', 1, '2026-04-22 19:07:24'),
(155, 2, 'cerrando comunicacion nos vemos despues robot', 1, '2026-04-22 19:07:24'),
(156, 2, 'hasta la proxima oportunidad de compra amigo', 1, '2026-04-22 19:07:24'),
(157, 2, 'me despido de ti que tengas una gran jornada', 1, '2026-04-22 19:07:24'),
(158, 2, 'finalizar atencion en el chat por ahora nos vemos', 1, '2026-04-22 19:07:24'),
(159, 2, 'ya termine chao cuidate mucho hasta la otra', 1, '2026-04-22 19:07:24'),
(160, 2, 'cerraremos la sesion de la tienda web adiosito', 1, '2026-04-22 19:07:24'),
(161, 2, 'ya me tengo que retirar fue un verdadero gusto adios', 1, '2026-04-22 19:07:24'),
(162, 2, 'eso es todo no necesito mas preguntas chao', 1, '2026-04-22 19:07:24'),
(163, 2, 'cerrando comunicacion nos vemos despues robot', 1, '2026-04-22 19:07:24'),
(164, 2, 'hasta la proxima oportunidad de compra amigo', 1, '2026-04-22 19:07:24'),
(165, 2, 'me despido de ti que tengas una gran jornada', 1, '2026-04-22 19:07:24'),
(166, 2, 'finalizar atencion en el chat por ahora nos vemos', 1, '2026-04-22 19:07:24'),
(167, 2, 'ya termine chao cuidate mucho hasta la otra', 1, '2026-04-22 19:07:24'),
(168, 2, 'cerraremos la sesion de la tienda web adiosito', 1, '2026-04-22 19:07:24'),
(169, 2, 'ya me tengo que retirar fue un verdadero gusto adios', 1, '2026-04-22 19:07:24'),
(170, 2, 'eso es todo no necesito mas preguntas chao', 1, '2026-04-22 19:07:24'),
(171, 2, 'cerrando comunicacion nos vemos despues robot', 1, '2026-04-22 19:07:24'),
(172, 2, 'hasta la proxima oportunidad de compra amigo', 1, '2026-04-22 19:07:24'),
(173, 2, 'me despido de ti que tengas una gran jornada', 1, '2026-04-22 19:07:24'),
(174, 2, 'finalizar atencion en el chat por ahora nos vemos', 1, '2026-04-22 19:07:24'),
(175, 2, 'ya termine chao cuidate mucho hasta la otra', 1, '2026-04-22 19:07:24'),
(176, 2, 'cerraremos la sesion de la tienda web adiosito', 1, '2026-04-22 19:07:24'),
(177, 2, 'ya me tengo que retirar fue un verdadero gusto adios', 1, '2026-04-22 19:07:24'),
(178, 2, 'eso es todo no necesito mas preguntas chao', 1, '2026-04-22 19:07:24'),
(179, 2, 'cerrando comunicacion nos vemos despues robot', 1, '2026-04-22 19:07:24'),
(180, 2, 'hasta la proxima oportunidad de compra amigo', 1, '2026-04-22 19:07:24'),
(181, 2, 'me despido de ti que tengas una gran jornada', 1, '2026-04-22 19:07:24'),
(182, 2, 'finalizar atencion en el chat por ahora nos vemos', 1, '2026-04-22 19:07:24'),
(183, 2, 'ya termine chao cuidate mucho hasta la otra', 1, '2026-04-22 19:07:24'),
(184, 2, 'cerraremos la sesion de la tienda web adiosito', 1, '2026-04-22 19:07:24'),
(185, 3, 'quiero comprar unas zapatillas negras', 1, '2026-04-22 19:07:24'),
(186, 3, 'busco un polo azul', 1, '2026-04-22 19:07:24'),
(187, 3, 'tienen pantalones talla m', 1, '2026-04-22 19:07:24'),
(188, 3, 'muestrame zapatillas para mujer', 1, '2026-04-22 19:07:24'),
(189, 3, 'estoy buscando zapatillas rojas', 1, '2026-04-22 19:07:24'),
(190, 3, 'necesito comprar ropa deportiva', 1, '2026-04-22 19:07:24'),
(191, 3, 'quiero ver las zapatillas de hombre', 1, '2026-04-22 19:07:24'),
(192, 3, 'busco calzado barato', 1, '2026-04-22 19:07:24'),
(193, 3, 'quiero comprar', 1, '2026-04-22 19:07:24'),
(194, 3, 'estoy buscando', 1, '2026-04-22 19:07:24'),
(195, 3, 'me gustaria ver productos', 1, '2026-04-22 19:07:24'),
(196, 3, 'busco un articulo', 1, '2026-04-22 19:07:24'),
(197, 3, 'tienen algun modelo', 1, '2026-04-22 19:07:24'),
(198, 3, 'que modelos tienes', 1, '2026-04-22 19:07:24'),
(199, 3, 'muestrame opciones', 1, '2026-04-22 19:07:24'),
(200, 3, 'cuales son los modelos', 1, '2026-04-22 19:07:24'),
(201, 3, 'quiero ver el catalogo', 1, '2026-04-22 19:07:24'),
(202, 3, 'catalogo', 1, '2026-04-22 19:07:24'),
(203, 3, 'productos', 1, '2026-04-22 19:07:24'),
(204, 3, 'comprar', 1, '2026-04-22 19:07:24'),
(205, 3, 'estoy buscando ropa deportiva', 1, '2026-04-22 19:07:24'),
(206, 3, 'quiero ver pantalones blancos', 1, '2026-04-22 19:07:24'),
(207, 3, 'muestrame zapatillas azules de hombre', 1, '2026-04-22 19:07:24'),
(208, 3, 'busco polos rojos', 1, '2026-04-22 19:07:24'),
(209, 3, 'quiero zapatillas talla 42', 1, '2026-04-22 19:07:24'),
(210, 3, 'tienen pantalones negros para mujer', 1, '2026-04-22 19:07:24'),
(211, 3, 'quiero algo en color blanco', 1, '2026-04-22 19:07:24'),
(212, 3, 'muestrame opciones en verde', 1, '2026-04-22 19:07:24'),
(213, 3, 'busco calzado deportivo', 1, '2026-04-22 19:07:24'),
(214, 3, 'busco polos en talla l', 1, '2026-04-22 19:07:24'),
(215, 3, 'quiero unos pantalones', 1, '2026-04-22 19:07:24'),
(216, 4, 'Muéstrame los pantalones', 1, '2026-04-22 19:07:24'),
(217, 4, 'Quiero ver pantalones', 1, '2026-04-22 19:07:24'),
(218, 4, 'Ver pantalones', 1, '2026-04-22 19:07:24'),
(219, 4, 'Enséñame pantalones', 1, '2026-04-22 19:07:24'),
(220, 4, 'Solo pantalones', 1, '2026-04-22 19:07:24'),
(221, 4, 'Filtrar pantalones', 1, '2026-04-22 19:07:24'),
(222, 4, 'Muéstrame calzado', 1, '2026-04-22 19:07:24'),
(223, 4, 'Quiero ver calzado', 1, '2026-04-22 19:07:24'),
(224, 4, 'Ver zapatillas', 1, '2026-04-22 19:07:24'),
(225, 4, 'Enséñame zapatillas', 1, '2026-04-22 19:07:24'),
(226, 4, 'Solo calzado', 1, '2026-04-22 19:07:24'),
(227, 4, 'Mostrar calzado', 1, '2026-04-22 19:07:24'),
(228, 4, 'Que tienen en calzado', 1, '2026-04-22 19:07:24'),
(229, 4, 'Ver todo calzado', 1, '2026-04-22 19:07:24'),
(230, 4, 'Filtrar por calzado', 1, '2026-04-22 19:07:24'),
(231, 4, 'Muéstrame polos', 1, '2026-04-22 19:07:24'),
(232, 4, 'Quiero ver polos', 1, '2026-04-22 19:07:24'),
(233, 4, 'Ver polos', 1, '2026-04-22 19:07:24'),
(234, 4, 'Solo polos', 1, '2026-04-22 19:07:24'),
(235, 4, 'Enséñame camisetas', 1, '2026-04-22 19:07:24'),
(236, 4, 'Mostrar polos', 1, '2026-04-22 19:07:24'),
(237, 4, 'Filtrar polos', 1, '2026-04-22 19:07:24'),
(238, 4, 'Muéstrame medias', 1, '2026-04-22 19:07:24'),
(239, 4, 'Ver medias', 1, '2026-04-22 19:07:24'),
(240, 4, 'Quiero medias', 1, '2026-04-22 19:07:24'),
(241, 4, 'Solo medias', 1, '2026-04-22 19:07:24'),
(242, 4, 'Muéstrame accesorios', 1, '2026-04-22 19:07:24'),
(243, 4, 'Ver accesorios', 1, '2026-04-22 19:07:24'),
(244, 4, 'Quiero ver accesorios', 1, '2026-04-22 19:07:24'),
(245, 4, 'Muéstrame otros', 1, '2026-04-22 19:07:24'),
(246, 4, 'Ver otros', 1, '2026-04-22 19:07:24'),
(247, 4, 'Quiero ver otros', 1, '2026-04-22 19:07:24'),
(248, 4, 'Solo otros', 1, '2026-04-22 19:07:24'),
(249, 4, 'Filtrar otros', 1, '2026-04-22 19:07:24'),
(250, 4, 'Enséñame gorras', 1, '2026-04-22 19:07:24'),
(251, 4, 'Ver gorras', 1, '2026-04-22 19:07:24'),
(252, 4, 'Mostrar mochilas', 1, '2026-04-22 19:07:24'),
(253, 4, 'Quiero ver todo', 1, '2026-04-22 19:07:24'),
(254, 4, 'Ver todo el catálogo', 1, '2026-04-22 19:07:24'),
(255, 4, 'Mostrar todo', 1, '2026-04-22 19:07:24'),
(256, 4, 'Quita los filtros', 1, '2026-04-22 19:07:24'),
(257, 4, 'Ver todos los productos', 1, '2026-04-22 19:07:24'),
(258, 4, 'Catálogo completo', 1, '2026-04-22 19:07:24'),
(259, 4, 'Enséñame shorts', 1, '2026-04-22 19:07:24'),
(260, 4, 'Ver shorts', 1, '2026-04-22 19:07:24'),
(261, 4, 'Mostrar leggings', 1, '2026-04-22 19:07:24'),
(262, 4, 'Solo accesorios', 1, '2026-04-22 19:07:24'),
(263, 4, 'Filtrar accesorios', 1, '2026-04-22 19:07:24'),
(264, 4, 'Ver botines', 1, '2026-04-22 19:07:24'),
(265, 4, 'Muéstrame chimpunes', 1, '2026-04-22 19:07:24'),
(266, 4, 'Quiero chimpunes', 1, '2026-04-22 19:07:24'),
(267, 4, 'Ver botas', 1, '2026-04-22 19:07:24'),
(268, 4, 'Quiero zapatos para correr en pista', 1, '2026-04-22 19:07:24'),
(269, 4, 'Ropa casual deportiva', 1, '2026-04-22 19:07:24'),
(270, 4, 'Tienen botines de futbol sala', 1, '2026-04-22 19:07:24'),
(271, 4, 'Indumentaria de basquet', 1, '2026-04-22 19:07:24'),
(272, 4, 'Quiero comprar medias o calcetines', 1, '2026-04-22 19:07:24'),
(273, 4, 'Tienen cosas de natacion', 1, '2026-04-22 19:07:24'),
(274, 4, 'Busco pantalonetas de running', 1, '2026-04-22 19:07:24'),
(275, 4, 'seccion de zapatillas urbanas', 1, '2026-04-22 19:07:24'),
(276, 4, 'donde veo los buzos completos', 1, '2026-04-22 19:07:24'),
(277, 4, 'quiero polos deportivos', 1, '2026-04-22 19:07:24'),
(278, 4, 'tienen pantalonetas cortas', 1, '2026-04-22 19:07:24'),
(279, 4, 'muestrame casacas para invierno', 1, '2026-04-22 19:07:24'),
(280, 4, 'busco medias invisibles', 1, '2026-04-22 19:07:24'),
(281, 4, 'quiero un tomatodo', 1, '2026-04-22 19:07:24'),
(282, 4, 'tienen gorras', 1, '2026-04-22 19:07:24'),
(283, 4, 'tienes cosas solo de futbol?', 1, '2026-04-22 19:07:24'),
(284, 4, 'quiero ver shorts y pantalones', 1, '2026-04-22 19:07:24'),
(285, 4, 'muestrame poleras con capucha', 1, '2026-04-22 19:07:24'),
(286, 4, 'busco accesorios deportivos', 1, '2026-04-22 19:07:24'),
(287, 4, 'zapatillas de trail running', 1, '2026-04-22 19:07:24'),
(288, 4, 'ropa para hacer yoga', 1, '2026-04-22 19:07:24'),
(289, 4, 'solo busco medias largas', 1, '2026-04-22 19:07:24'),
(290, 4, 'quiero la seccion de mochilas', 1, '2026-04-22 19:07:24'),
(291, 4, 'solo busco chimpunes de futbol', 1, '2026-04-22 19:07:24'),
(292, 4, 'tienen apartado de buzos y casacas cortavientos', 1, '2026-04-22 19:07:24'),
(293, 4, 'quiero zapatillas de levantamiento de pesas', 1, '2026-04-22 19:07:24'),
(294, 4, 'muestrame la zona de indumentaria de tenis', 1, '2026-04-22 19:07:24'),
(295, 4, 'busco la seccion exclusiva de pantalonetas o shorts de futbol', 1, '2026-04-22 19:07:24'),
(296, 4, 'quiero ver si tienen chalecos impermeables o cortavientos', 1, '2026-04-22 19:07:24'),
(297, 4, 'muestrame unicamente accesorios como gorras y medias o calcetines', 1, '2026-04-22 19:07:24'),
(298, 4, 'donde reviso buzos polares para abrigarse del invierno', 1, '2026-04-22 19:07:24'),
(299, 4, 'quiero zapatillas de running o para correr maratones', 1, '2026-04-22 19:07:24'),
(300, 4, 'tienen apartado especial de ropa de baño para natacion', 1, '2026-04-22 19:07:24'),
(301, 4, 'enseñame todo lo que sea polos de algodon pique', 1, '2026-04-22 19:07:24'),
(302, 4, 'necesito calzado especializado en treking o senderismo de montaña', 1, '2026-04-22 19:07:24'),
(303, 4, 'solo busco mochilas grandes y maletines de deporte', 1, '2026-04-22 19:07:24'),
(304, 4, 'quiero ver la ropa de compresión o mallas largas termicas', 1, '2026-04-22 19:07:24'),
(305, 4, 'busco la seccion exclusiva de pantalonetas o shorts de futbol', 1, '2026-04-22 19:07:24'),
(306, 4, 'quiero ver si tienen chalecos impermeables o cortavientos', 1, '2026-04-22 19:07:24'),
(307, 4, 'muestrame unicamente accesorios como gorras y medias o calcetines', 1, '2026-04-22 19:07:24'),
(308, 4, 'donde reviso buzos polares para abrigarse del invierno', 1, '2026-04-22 19:07:24'),
(309, 4, 'quiero zapatillas de running o para correr maratones', 1, '2026-04-22 19:07:24'),
(310, 4, 'tienen apartado especial de ropa de baño para natacion', 1, '2026-04-22 19:07:24'),
(311, 4, 'enseñame todo lo que sea polos de algodon pique', 1, '2026-04-22 19:07:24'),
(312, 4, 'necesito calzado especializado en treking o senderismo de montaña', 1, '2026-04-22 19:07:24'),
(313, 4, 'solo busco mochilas grandes y maletines de deporte', 1, '2026-04-22 19:07:24'),
(314, 4, 'quiero ver la ropa de compresión o mallas largas termicas', 1, '2026-04-22 19:07:24'),
(315, 4, 'busco la seccion exclusiva de pantalonetas o shorts de futbol', 1, '2026-04-22 19:07:24'),
(316, 4, 'quiero ver si tienen chalecos impermeables o cortavientos', 1, '2026-04-22 19:07:24'),
(317, 4, 'muestrame unicamente accesorios como gorras y medias o calcetines', 1, '2026-04-22 19:07:24'),
(318, 4, 'donde reviso buzos polares para abrigarse del invierno', 1, '2026-04-22 19:07:24'),
(319, 4, 'quiero zapatillas de running o para correr maratones', 1, '2026-04-22 19:07:24'),
(320, 4, 'tienen apartado especial de ropa de baño para natacion', 1, '2026-04-22 19:07:24'),
(321, 4, 'enseñame todo lo que sea polos de algodon pique', 1, '2026-04-22 19:07:24'),
(322, 4, 'necesito calzado especializado en treking o senderismo de montaña', 1, '2026-04-22 19:07:24'),
(323, 4, 'solo busco mochilas grandes y maletines de deporte', 1, '2026-04-22 19:07:24'),
(324, 4, 'quiero ver la ropa de compresión o mallas largas termicas', 1, '2026-04-22 19:07:24'),
(325, 4, 'busco la seccion exclusiva de pantalonetas o shorts de futbol', 1, '2026-04-22 19:07:24'),
(326, 4, 'quiero ver si tienen chalecos impermeables o cortavientos', 1, '2026-04-22 19:07:24'),
(327, 4, 'muestrame unicamente accesorios como gorras y medias o calcetines', 1, '2026-04-22 19:07:24'),
(328, 4, 'donde reviso buzos polares para abrigarse del invierno', 1, '2026-04-22 19:07:24'),
(329, 4, 'quiero zapatillas de running o para correr maratones', 1, '2026-04-22 19:07:24'),
(330, 4, 'tienen apartado especial de ropa de baño para natacion', 1, '2026-04-22 19:07:24'),
(331, 4, 'enseñame todo lo que sea polos de algodon pique', 1, '2026-04-22 19:07:24'),
(332, 4, 'necesito calzado especializado en treking o senderismo de montaña', 1, '2026-04-22 19:07:24'),
(333, 4, 'solo busco mochilas grandes y maletines de deporte', 1, '2026-04-22 19:07:24'),
(334, 4, 'quiero ver la ropa de compresión o mallas largas termicas', 1, '2026-04-22 19:07:24'),
(335, 4, 'busco la seccion exclusiva de pantalonetas o shorts de futbol', 1, '2026-04-22 19:07:24'),
(336, 4, 'quiero ver si tienen chalecos impermeables o cortavientos', 1, '2026-04-22 19:07:24'),
(337, 4, 'muestrame unicamente accesorios como gorras y medias o calcetines', 1, '2026-04-22 19:07:24'),
(338, 4, 'donde reviso buzos polares para abrigarse del invierno', 1, '2026-04-22 19:07:24'),
(339, 4, 'quiero zapatillas de running o para correr maratones', 1, '2026-04-22 19:07:24'),
(340, 4, 'tienen apartado especial de ropa de baño para natacion', 1, '2026-04-22 19:07:24'),
(341, 4, 'enseñame todo lo que sea polos de algodon pique', 1, '2026-04-22 19:07:24'),
(342, 4, 'necesito calzado especializado en treking o senderismo de montaña', 1, '2026-04-22 19:07:24'),
(343, 4, 'solo busco mochilas grandes y maletines de deporte', 1, '2026-04-22 19:07:24'),
(344, 4, 'quiero ver la ropa de compresión o mallas largas termicas', 1, '2026-04-22 19:07:24'),
(345, 5, 'Tienes para mujer', 1, '2026-04-22 19:07:24'),
(346, 5, 'Productos para mujer', 1, '2026-04-22 19:07:24'),
(347, 5, 'Muéstrame para mujer', 1, '2026-04-22 19:07:24'),
(348, 5, 'Quiero ver mujer', 1, '2026-04-22 19:07:24'),
(349, 5, 'Solo mujer', 1, '2026-04-22 19:07:24'),
(350, 5, 'Ropa de dama', 1, '2026-04-22 19:07:24'),
(351, 5, 'Para damas', 1, '2026-04-22 19:07:24'),
(352, 5, 'Zapatillas para mujer', 1, '2026-04-22 19:07:24'),
(353, 5, 'Polos para mujer', 1, '2026-04-22 19:07:24'),
(354, 5, 'De mujer', 1, '2026-04-22 19:07:24'),
(355, 5, 'Tienes para hombre', 1, '2026-04-22 19:07:24'),
(356, 5, 'Productos para hombre', 1, '2026-04-22 19:07:24'),
(357, 5, 'Muéstrame para hombre', 1, '2026-04-22 19:07:24'),
(358, 5, 'Quiero ver hombre', 1, '2026-04-22 19:07:24'),
(359, 5, 'Solo hombre', 1, '2026-04-22 19:07:24'),
(360, 5, 'Ropa de caballero', 1, '2026-04-22 19:07:24'),
(361, 5, 'Para varón', 1, '2026-04-22 19:07:24'),
(362, 5, 'Zapatillas para hombre', 1, '2026-04-22 19:07:24'),
(363, 5, 'Polos para hombre', 1, '2026-04-22 19:07:24'),
(364, 5, 'De hombre', 1, '2026-04-22 19:07:24'),
(365, 5, 'Tienes unisex', 1, '2026-04-22 19:07:24'),
(366, 5, 'Productos unisex', 1, '2026-04-22 19:07:24'),
(367, 5, 'Muéstrame unisex', 1, '2026-04-22 19:07:24'),
(368, 5, 'Solo unisex', 1, '2026-04-22 19:07:24'),
(369, 5, 'Algo unisex', 1, '2026-04-22 19:07:24'),
(370, 5, 'Para ambos', 1, '2026-04-22 19:07:24'),
(371, 5, 'Unisex porfa', 1, '2026-04-22 19:07:24'),
(372, 5, 'Quiero unisex', 1, '2026-04-22 19:07:24'),
(373, 5, 'Hay para dama', 1, '2026-04-22 19:07:24'),
(374, 5, 'Hay para caballero', 1, '2026-04-22 19:07:24'),
(375, 5, 'Filtro mujer', 1, '2026-04-22 19:07:24'),
(376, 5, 'Filtro hombre', 1, '2026-04-22 19:07:24'),
(377, 5, 'Mostrar solo dama', 1, '2026-04-22 19:07:24'),
(378, 5, 'Mostrar solo caballero', 1, '2026-04-22 19:07:24'),
(379, 5, 'Genero mujer', 1, '2026-04-22 19:07:24'),
(380, 5, 'Genero hombre', 1, '2026-04-22 19:07:24'),
(381, 5, 'Para chicas', 1, '2026-04-22 19:07:24'),
(382, 5, 'Para chicos', 1, '2026-04-22 19:07:24'),
(383, 5, 'Ropa femenina', 1, '2026-04-22 19:07:24'),
(384, 5, 'Ropa masculina', 1, '2026-04-22 19:07:24'),
(385, 5, 'busco algo para regalar', 1, '2026-04-22 19:07:24'),
(386, 5, 'queria un modelo neutral', 1, '2026-04-22 19:07:24'),
(387, 5, 'modelo que le quede a ambos', 1, '2026-04-22 19:07:24'),
(388, 5, 'zapatillas unisex de adulto', 1, '2026-04-22 19:07:24'),
(389, 5, 'busco algo juvenil', 1, '2026-04-22 19:07:24'),
(390, 5, 'para mi sobrino', 1, '2026-04-22 19:07:24'),
(391, 5, 'para mi esposa', 1, '2026-04-22 19:07:24'),
(392, 5, 'algo para el dia del padre', 1, '2026-04-22 19:07:24'),
(393, 5, 'tienen seccion de parejas', 1, '2026-04-22 19:07:24'),
(394, 5, 'quiero ropa unicamente de damas', 1, '2026-04-22 19:07:24'),
(395, 5, 'muestrame cosas de la seccion de varon', 1, '2026-04-22 19:07:24'),
(396, 5, 'busco calzado especificamente femenino', 1, '2026-04-22 19:07:24'),
(397, 5, 'tienen cosas para hombres deportistas', 1, '2026-04-22 19:07:24'),
(398, 5, 'donde queda el departamento de chicos', 1, '2026-04-22 19:07:24'),
(399, 5, 'necesito ver prendas de señoritas', 1, '2026-04-22 19:07:24'),
(400, 5, 'tienen indumentaria unisex para ambos generos', 1, '2026-04-22 19:07:24'),
(401, 5, 'busco polos para caballeros altos', 1, '2026-04-22 19:07:24'),
(402, 5, 'ropa deportiva para mujeres embarazadas tienen?', 1, '2026-04-22 19:07:24'),
(403, 5, 'busco botines de mujer talla 38', 1, '2026-04-22 19:07:24'),
(404, 5, 'quiero ropa que este exclusivamente fabricada para damas', 1, '2026-04-22 19:07:24'),
(405, 5, 'estoy buscando moda de chico en su plataforma online', 1, '2026-04-22 19:07:24'),
(406, 5, 'busco buzos femeninos para regalar a mi hija', 1, '2026-04-22 19:07:24'),
(407, 5, 'tienen apartado para hombres varones deportistas', 1, '2026-04-22 19:07:24'),
(408, 5, 'quiero ropa y calzado que esten confeccionados solo para mujer', 1, '2026-04-22 19:07:24'),
(409, 5, 'muestrame cosas de la seccion masculina para hombres', 1, '2026-04-22 19:07:24'),
(410, 5, 'busco zapatillas unisex que nos queden bien a mi chica y a mi', 1, '2026-04-22 19:07:24'),
(411, 5, 'tienen un apartado de chicos o moda de niño pequeño', 1, '2026-04-22 19:07:24'),
(412, 5, 'necesito la indumentaria enfocada unicamente en varones adolescentes', 1, '2026-04-22 19:07:24'),
(413, 5, 'quiero observar modelos femeninos para hacerles un regalo', 1, '2026-04-22 19:07:24'),
(414, 5, 'estoy explorando el catalogo de damas o señoritas', 1, '2026-04-22 19:07:24'),
(415, 5, 'donde ubico las zapatillas de deporte talla de chico escolar', 1, '2026-04-22 19:07:24'),
(416, 5, 'busco buzos femeninos elegantes y comodos para dama', 1, '2026-04-22 19:07:24'),
(417, 5, 'tienes algun filtro para descartar ropa de hombre de los resultados', 1, '2026-04-22 19:07:24'),
(418, 5, 'quiero ropa y calzado que esten confeccionados solo para mujer', 1, '2026-04-22 19:07:24'),
(419, 5, 'muestrame cosas de la seccion masculina para hombres', 1, '2026-04-22 19:07:24'),
(420, 5, 'busco zapatillas unisex que nos queden bien a mi chica y a mi', 1, '2026-04-22 19:07:24'),
(421, 5, 'tienen un apartado de chicos o moda de niño pequeño', 1, '2026-04-22 19:07:24'),
(422, 5, 'necesito la indumentaria enfocada unicamente en varones adolescentes', 1, '2026-04-22 19:07:24'),
(423, 5, 'quiero observar modelos femeninos para hacerles un regalo', 1, '2026-04-22 19:07:24'),
(424, 5, 'estoy explorando el catalogo de damas o señoritas', 1, '2026-04-22 19:07:24'),
(425, 5, 'donde ubico las zapatillas de deporte talla de chico escolar', 1, '2026-04-22 19:07:24'),
(426, 5, 'busco buzos femeninos elegantes y comodos para dama', 1, '2026-04-22 19:07:24'),
(427, 5, 'tienes algun filtro para descartar ropa de hombre de los resultados', 1, '2026-04-22 19:07:24'),
(428, 5, 'quiero ropa y calzado que esten confeccionados solo para mujer', 1, '2026-04-22 19:07:24'),
(429, 5, 'muestrame cosas de la seccion masculina para hombres', 1, '2026-04-22 19:07:24'),
(430, 5, 'busco zapatillas unisex que nos queden bien a mi chica y a mi', 1, '2026-04-22 19:07:24'),
(431, 5, 'tienen un apartado de chicos o moda de niño pequeño', 1, '2026-04-22 19:07:24'),
(432, 5, 'necesito la indumentaria enfocada unicamente en varones adolescentes', 1, '2026-04-22 19:07:24'),
(433, 5, 'quiero observar modelos femeninos para hacerles un regalo', 1, '2026-04-22 19:07:24'),
(434, 5, 'estoy explorando el catalogo de damas o señoritas', 1, '2026-04-22 19:07:24'),
(435, 5, 'donde ubico las zapatillas de deporte talla de chico escolar', 1, '2026-04-22 19:07:24'),
(436, 5, 'busco buzos femeninos elegantes y comodos para dama', 1, '2026-04-22 19:07:24'),
(437, 5, 'tienes algun filtro para descartar ropa de hombre de los resultados', 1, '2026-04-22 19:07:24'),
(438, 5, 'quiero ropa y calzado que esten confeccionados solo para mujer', 1, '2026-04-22 19:07:24'),
(439, 5, 'muestrame cosas de la seccion masculina para hombres', 1, '2026-04-22 19:07:24'),
(440, 5, 'busco zapatillas unisex que nos queden bien a mi chica y a mi', 1, '2026-04-22 19:07:24'),
(441, 5, 'tienen un apartado de chicos o moda de niño pequeño', 1, '2026-04-22 19:07:24'),
(442, 5, 'necesito la indumentaria enfocada unicamente en varones adolescentes', 1, '2026-04-22 19:07:24'),
(443, 5, 'quiero observar modelos femeninos para hacerles un regalo', 1, '2026-04-22 19:07:24'),
(444, 5, 'estoy explorando el catalogo de damas o señoritas', 1, '2026-04-22 19:07:24'),
(445, 5, 'donde ubico las zapatillas de deporte talla de chico escolar', 1, '2026-04-22 19:07:24'),
(446, 5, 'busco buzos femeninos elegantes y comodos para dama', 1, '2026-04-22 19:07:24'),
(447, 5, 'tienes algun filtro para descartar ropa de hombre de los resultados', 1, '2026-04-22 19:07:24'),
(448, 5, 'quiero ropa y calzado que esten confeccionados solo para mujer', 1, '2026-04-22 19:07:24'),
(449, 5, 'muestrame cosas de la seccion masculina para hombres', 1, '2026-04-22 19:07:24'),
(450, 5, 'busco zapatillas unisex que nos queden bien a mi chica y a mi', 1, '2026-04-22 19:07:24'),
(451, 5, 'tienen un apartado de chicos o moda de niño pequeño', 1, '2026-04-22 19:07:24'),
(452, 5, 'necesito la indumentaria enfocada unicamente en varones adolescentes', 1, '2026-04-22 19:07:24'),
(453, 5, 'quiero observar modelos femeninos para hacerles un regalo', 1, '2026-04-22 19:07:24'),
(454, 5, 'estoy explorando el catalogo de damas o señoritas', 1, '2026-04-22 19:07:24'),
(455, 5, 'donde ubico las zapatillas de deporte talla de chico escolar', 1, '2026-04-22 19:07:24'),
(456, 5, 'busco buzos femeninos elegantes y comodos para dama', 1, '2026-04-22 19:07:24'),
(457, 5, 'tienes algun filtro para descartar ropa de hombre de los resultados', 1, '2026-04-22 19:07:24'),
(458, 6, 'Cuánto cuesta', 1, '2026-04-22 19:07:24'),
(459, 6, 'Cuanto cuesta', 1, '2026-04-22 19:07:24'),
(460, 6, 'Cuánto es', 1, '2026-04-22 19:07:24'),
(461, 6, 'Cuanto es', 1, '2026-04-22 19:07:24'),
(462, 6, 'Cuál es el precio', 1, '2026-04-22 19:07:24'),
(463, 6, 'Cual es el precio', 1, '2026-04-22 19:07:24'),
(464, 6, 'Me das el precio', 1, '2026-04-22 19:07:24'),
(465, 6, 'Dame precio', 1, '2026-04-22 19:07:24'),
(466, 6, 'Precio por favor', 1, '2026-04-22 19:07:24'),
(467, 6, 'Cuánto vale', 1, '2026-04-22 19:07:24'),
(468, 6, 'Cuanto vale', 1, '2026-04-22 19:07:24'),
(469, 6, 'Cuánto sale', 1, '2026-04-22 19:07:24'),
(470, 6, 'A cuánto está', 1, '2026-04-22 19:07:24'),
(471, 6, 'A cuanto esta', 1, '2026-04-22 19:07:24'),
(472, 6, 'precio', 1, '2026-04-22 19:07:24'),
(473, 6, 'dime el precio', 1, '2026-04-22 19:07:24'),
(474, 6, 'me dices el precio', 1, '2026-04-22 19:07:24'),
(475, 6, 'valor', 1, '2026-04-22 19:07:24'),
(476, 6, 'costo', 1, '2026-04-22 19:07:24'),
(477, 6, 'cuanto cuesta este', 1, '2026-04-22 19:07:24'),
(478, 6, 'precio de este', 1, '2026-04-22 19:07:24'),
(479, 6, 'cuanto sale este producto', 1, '2026-04-22 19:07:24'),
(480, 6, 'precio exacto', 1, '2026-04-22 19:07:24'),
(481, 6, 'cuanto marca', 1, '2026-04-22 19:07:24'),
(482, 6, 'a como lo dan', 1, '2026-04-22 19:07:24'),
(483, 6, 'en cuanto lo dejan', 1, '2026-04-22 19:07:24'),
(484, 6, 'cuanto vale este', 1, '2026-04-22 19:07:24'),
(485, 6, 'Es caro', 1, '2026-04-22 19:07:24'),
(486, 6, 'Es muy caro', 1, '2026-04-22 19:07:24'),
(487, 6, 'Tienen algo barato', 1, '2026-04-22 19:07:24'),
(488, 6, 'Lo más barato', 1, '2026-04-22 19:07:24'),
(489, 6, 'Rango de precios', 1, '2026-04-22 19:07:24'),
(490, 6, 'Desde cuánto', 1, '2026-04-22 19:07:24'),
(491, 6, 'Hasta cuánto', 1, '2026-04-22 19:07:24'),
(492, 6, 'Precio aproximado', 1, '2026-04-22 19:07:24'),
(493, 6, 'Cuánto está costando', 1, '2026-04-22 19:07:24'),
(494, 6, 'Precio de las zapatillas', 1, '2026-04-22 19:07:24'),
(495, 6, 'Precio de los polos', 1, '2026-04-22 19:07:24'),
(496, 6, 'Precio pantalones', 1, '2026-04-22 19:07:24'),
(497, 6, 'Cuanto cuestan las medias', 1, '2026-04-22 19:07:24'),
(498, 6, 'Precio de gorras', 1, '2026-04-22 19:07:24'),
(499, 6, 'Cuanto vale la mochila', 1, '2026-04-22 19:07:24'),
(500, 6, 'Tienen precios', 1, '2026-04-22 19:07:24'),
(501, 6, 'Lista de precios', 1, '2026-04-22 19:07:24'),
(502, 6, 'Es económico', 1, '2026-04-22 19:07:24'),
(503, 6, 'Hay descuento por precio', 1, '2026-04-22 19:07:24'),
(504, 6, 'Precio final', 1, '2026-04-22 19:07:24'),
(505, 6, 'Cuanto me sale', 1, '2026-04-22 19:07:24'),
(506, 6, 'precio por mayor', 1, '2026-04-22 19:07:24'),
(507, 6, 'costo unitario', 1, '2026-04-22 19:07:24'),
(508, 6, 'A cuanto me lo dejas', 1, '2026-04-22 19:07:24'),
(509, 6, 'Cual es su valor economico', 1, '2026-04-22 19:07:24'),
(510, 6, 'Es muy caro', 1, '2026-04-22 19:07:24'),
(511, 6, 'Cuanto cuestan esos modelos', 1, '2026-04-22 19:07:24'),
(512, 6, 'Pasan de los 100 soles', 1, '2026-04-22 19:07:24'),
(513, 6, 'Dime la tarifa', 1, '2026-04-22 19:07:24'),
(514, 6, 'Presupuesto necesario', 1, '2026-04-22 19:07:24'),
(515, 6, 'Que precio esta marcado', 1, '2026-04-22 19:07:24'),
(516, 6, 'Costo final con igv', 1, '2026-04-22 19:07:24'),
(517, 6, 'esta mas de cien soles?', 1, '2026-04-22 19:07:24'),
(518, 6, 'tienes el costo total a la mano?', 1, '2026-04-22 19:07:24'),
(519, 6, 'cual es el valor de estas medias', 1, '2026-04-22 19:07:24'),
(520, 6, 'cuanto de plata necesito para eso', 1, '2026-04-22 19:07:24'),
(521, 6, 'pasame la cotizacion exacta', 1, '2026-04-22 19:07:24'),
(522, 6, 'el precio incluye envio?', 1, '2026-04-22 19:07:24'),
(523, 6, 'esta muy caro, dime cuanto sale exactamente', 1, '2026-04-22 19:07:24'),
(524, 6, 'es barato o costoso?', 1, '2026-04-22 19:07:24'),
(525, 6, 'que precio le ponen a este buzo', 1, '2026-04-22 19:07:24'),
(526, 6, 'cual es el valor monetario de este articulo', 1, '2026-04-22 19:07:24'),
(527, 6, 'esta prenda sobrepasa los cien soles de costo', 1, '2026-04-22 19:07:24'),
(528, 6, 'puedes pasarme la cotizacion de esos pantalones', 1, '2026-04-22 19:07:24'),
(529, 6, 'que costo tiene llevarse el outfit completo', 1, '2026-04-22 19:07:24'),
(530, 6, 'cual es el costo total de esta hermosa prenda si la compro', 1, '2026-04-22 19:07:24'),
(531, 6, 'sobrepasan los doscientos soles este modelo de zapatillas urbanas', 1, '2026-04-22 19:07:24'),
(532, 6, 'puedes pasarme la cotizacion detallada incluyendo el envio a domicilio', 1, '2026-04-22 19:07:24'),
(533, 6, 'que tarifa le han puesto a las pantalonetas de running', 1, '2026-04-22 19:07:24'),
(534, 6, 'esta casaca tiene un valor monetario muy elevado para mi bolsillo', 1, '2026-04-22 19:07:24'),
(535, 6, 'dime a cuanto sale todo el paquete si llevo tres piezas juntas', 1, '2026-04-22 19:07:24'),
(536, 6, 'quiero saber si el precio marcado incluye el impuesto general a las ventas', 1, '2026-04-22 19:07:24'),
(537, 6, 'me parece caro, no hay forma de bajar ese monto final de la ropa', 1, '2026-04-22 19:07:24'),
(538, 6, 'cual es la cantidad de plata que tengo que desembolsar por esto', 1, '2026-04-22 19:07:24'),
(539, 6, 'pasame la lista de precios completa de los calcetines largos', 1, '2026-04-22 19:07:24'),
(540, 6, 'cual es el costo total de esta hermosa prenda si la compro', 1, '2026-04-22 19:07:24'),
(541, 6, 'sobrepasan los doscientos soles este modelo de zapatillas urbanas', 1, '2026-04-22 19:07:24'),
(542, 6, 'puedes pasarme la cotizacion detallada incluyendo el envio a domicilio', 1, '2026-04-22 19:07:24'),
(543, 6, 'que tarifa le han puesto a las pantalonetas de running', 1, '2026-04-22 19:07:24'),
(544, 6, 'esta casaca tiene un valor monetario muy elevado para mi bolsillo', 1, '2026-04-22 19:07:24'),
(545, 6, 'dime a cuanto sale todo el paquete si llevo tres piezas juntas', 1, '2026-04-22 19:07:24'),
(546, 6, 'quiero saber si el precio marcado incluye el impuesto general a las ventas', 1, '2026-04-22 19:07:24'),
(547, 6, 'me parece caro, no hay forma de bajar ese monto final de la ropa', 1, '2026-04-22 19:07:24'),
(548, 6, 'cual es la cantidad de plata que tengo que desembolsar por esto', 1, '2026-04-22 19:07:24'),
(549, 6, 'pasame la lista de precios completa de los calcetines largos', 1, '2026-04-22 19:07:24'),
(550, 6, 'cual es el costo total de esta hermosa prenda si la compro', 1, '2026-04-22 19:07:24'),
(551, 6, 'sobrepasan los doscientos soles este modelo de zapatillas urbanas', 1, '2026-04-22 19:07:24'),
(552, 6, 'puedes pasarme la cotizacion detallada incluyendo el envio a domicilio', 1, '2026-04-22 19:07:24'),
(553, 6, 'que tarifa le han puesto a las pantalonetas de running', 1, '2026-04-22 19:07:24'),
(554, 6, 'esta casaca tiene un valor monetario muy elevado para mi bolsillo', 1, '2026-04-22 19:07:24'),
(555, 6, 'dime a cuanto sale todo el paquete si llevo tres piezas juntas', 1, '2026-04-22 19:07:24'),
(556, 6, 'quiero saber si el precio marcado incluye el impuesto general a las ventas', 1, '2026-04-22 19:07:24'),
(557, 6, 'me parece caro, no hay forma de bajar ese monto final de la ropa', 1, '2026-04-22 19:07:24'),
(558, 6, 'cual es la cantidad de plata que tengo que desembolsar por esto', 1, '2026-04-22 19:07:24'),
(559, 6, 'pasame la lista de precios completa de los calcetines largos', 1, '2026-04-22 19:07:24'),
(560, 6, 'cual es el costo total de esta hermosa prenda si la compro', 1, '2026-04-22 19:07:24'),
(561, 6, 'sobrepasan los doscientos soles este modelo de zapatillas urbanas', 1, '2026-04-22 19:07:24'),
(562, 6, 'puedes pasarme la cotizacion detallada incluyendo el envio a domicilio', 1, '2026-04-22 19:07:24'),
(563, 6, 'que tarifa le han puesto a las pantalonetas de running', 1, '2026-04-22 19:07:24'),
(564, 6, 'esta casaca tiene un valor monetario muy elevado para mi bolsillo', 1, '2026-04-22 19:07:24'),
(565, 6, 'dime a cuanto sale todo el paquete si llevo tres piezas juntas', 1, '2026-04-22 19:07:24'),
(566, 6, 'quiero saber si el precio marcado incluye el impuesto general a las ventas', 1, '2026-04-22 19:07:24'),
(567, 6, 'me parece caro, no hay forma de bajar ese monto final de la ropa', 1, '2026-04-22 19:07:24'),
(568, 6, 'cual es la cantidad de plata que tengo que desembolsar por esto', 1, '2026-04-22 19:07:24'),
(569, 6, 'pasame la lista de precios completa de los calcetines largos', 1, '2026-04-22 19:07:24'),
(570, 6, 'cual es el costo total de esta hermosa prenda si la compro', 1, '2026-04-22 19:07:24'),
(571, 6, 'sobrepasan los doscientos soles este modelo de zapatillas urbanas', 1, '2026-04-22 19:07:24'),
(572, 6, 'puedes pasarme la cotizacion detallada incluyendo el envio a domicilio', 1, '2026-04-22 19:07:24'),
(573, 6, 'que tarifa le han puesto a las pantalonetas de running', 1, '2026-04-22 19:07:24'),
(574, 6, 'esta casaca tiene un valor monetario muy elevado para mi bolsillo', 1, '2026-04-22 19:07:24'),
(575, 6, 'dime a cuanto sale todo el paquete si llevo tres piezas juntas', 1, '2026-04-22 19:07:24'),
(576, 6, 'quiero saber si el precio marcado incluye el impuesto general a las ventas', 1, '2026-04-22 19:07:24'),
(577, 6, 'me parece caro, no hay forma de bajar ese monto final de la ropa', 1, '2026-04-22 19:07:24'),
(578, 6, 'cual es la cantidad de plata que tengo que desembolsar por esto', 1, '2026-04-22 19:07:24'),
(579, 6, 'pasame la lista de precios completa de los calcetines largos', 1, '2026-04-22 19:07:24'),
(580, 7, 'en que colores viene', 1, '2026-04-22 19:07:24'),
(581, 7, 'que colores tienes', 1, '2026-04-22 19:07:24'),
(582, 7, 'tienen otros colores', 1, '2026-04-22 19:07:24'),
(583, 7, 'hay en otros colores', 1, '2026-04-22 19:07:24'),
(584, 7, 'en que color esta disponible', 1, '2026-04-22 19:07:24'),
(585, 7, 'cuales son los colores', 1, '2026-04-22 19:07:24'),
(586, 7, 'viene en otro color', 1, '2026-04-22 19:07:24'),
(587, 7, 'lo tienes en otros colores', 1, '2026-04-22 19:07:24'),
(588, 7, 'tienes opciones de color', 1, '2026-04-22 19:07:24'),
(589, 7, 'que colores hay', 1, '2026-04-22 19:07:24'),
(590, 7, 'hay variedad de colores', 1, '2026-04-22 19:07:24'),
(591, 7, 'en q color lo tienes', 1, '2026-04-22 19:07:24'),
(592, 7, 'tienes ese modelo en otro color', 1, '2026-04-22 19:07:24'),
(593, 7, 'cuales colores manejan', 1, '2026-04-22 19:07:24'),
(594, 7, 'solo hay en ese color', 1, '2026-04-22 19:07:24'),
(595, 7, 'colores disponibles', 1, '2026-04-22 19:07:24'),
(596, 7, 'que tonos tienes', 1, '2026-04-22 19:07:24'),
(597, 7, 'hay colores', 1, '2026-04-22 19:07:24'),
(598, 7, 'colores?', 1, '2026-04-22 19:07:24'),
(599, 7, 'que otros colores tienes', 1, '2026-04-22 19:07:24'),
(600, 7, 'tienes en color azul', 1, '2026-04-22 19:07:24'),
(601, 7, 'lo tienes en negro', 1, '2026-04-22 19:07:24'),
(602, 7, 'hay en rojo?', 1, '2026-04-22 19:07:24'),
(603, 7, 'en que colores viene', 1, '2026-04-22 19:07:24'),
(604, 7, 'quiero ver los colores', 1, '2026-04-22 19:07:24'),
(605, 7, 'muestrame los colores', 1, '2026-04-22 19:07:24'),
(606, 7, 'tienes en otros colores?', 1, '2026-04-22 19:07:24'),
(607, 8, 'Quiero comprar', 1, '2026-04-22 19:07:24'),
(608, 8, 'Como compro', 1, '2026-04-22 19:07:24'),
(609, 8, 'Cómo compro', 1, '2026-04-22 19:07:24'),
(610, 8, 'Hacer pedido', 1, '2026-04-22 19:07:24'),
(611, 8, 'Hacer un pedido', 1, '2026-04-22 19:07:24'),
(612, 8, 'Agregar al carrito', 1, '2026-04-22 19:07:24'),
(613, 8, 'Añadir al carrito', 1, '2026-04-22 19:07:24'),
(614, 8, 'Lo quiero', 1, '2026-04-22 19:07:24'),
(615, 8, 'Me lo llevo', 1, '2026-04-22 19:07:24'),
(616, 8, 'Cómo lo pido', 1, '2026-04-22 19:07:24'),
(617, 8, 'Como lo pido', 1, '2026-04-22 19:07:24'),
(618, 8, 'Quiero este', 1, '2026-04-22 19:07:24'),
(619, 8, 'Comprar ahora', 1, '2026-04-22 19:07:24'),
(620, 8, 'Proceso de compra', 1, '2026-04-22 19:07:24'),
(621, 8, 'Pasos para comprar', 1, '2026-04-22 19:07:24'),
(622, 8, 'Agregar producto', 1, '2026-04-22 19:07:24'),
(623, 8, 'Poner en carrito', 1, '2026-04-22 19:07:24'),
(624, 8, 'Añadir', 1, '2026-04-22 19:07:24'),
(625, 8, 'Comprar', 1, '2026-04-22 19:07:24'),
(626, 8, 'Solicitar', 1, '2026-04-22 19:07:24'),
(627, 8, 'Quiero ordenar', 1, '2026-04-22 19:07:24'),
(628, 8, 'Hacer orden', 1, '2026-04-22 19:07:24'),
(629, 8, 'Tomar pedido', 1, '2026-04-22 19:07:24'),
(630, 8, 'Registrar compra', 1, '2026-04-22 19:07:24'),
(631, 8, 'Ya me decidí', 1, '2026-04-22 19:07:24'),
(632, 8, 'Lo compro', 1, '2026-04-22 19:07:24'),
(633, 8, 'Agregar a mi orden', 1, '2026-04-22 19:07:24'),
(634, 8, 'Finalizar compra', 1, '2026-04-22 19:07:24'),
(635, 8, 'Checkout', 1, '2026-04-22 19:07:24'),
(636, 8, 'Pagar', 1, '2026-04-22 19:07:24'),
(637, 8, 'Quiero finalizar compra', 1, '2026-04-22 19:07:24'),
(638, 8, 'Confirmar mi pedido', 1, '2026-04-22 19:07:24'),
(639, 8, 'quiero pagar', 1, '2026-04-22 19:07:24'),
(640, 8, 'proceder al pago', 1, '2026-04-22 19:07:24'),
(641, 8, 'confirmar compra', 1, '2026-04-22 19:07:24'),
(642, 8, 'realizar compra', 1, '2026-04-22 19:07:24'),
(643, 8, 'Deseo adquirir este producto ya', 1, '2026-04-22 19:07:24'),
(644, 8, 'Quiero tramitar mi compra', 1, '2026-04-22 19:07:24'),
(645, 8, 'Donde le doy a pagar', 1, '2026-04-22 19:07:24'),
(646, 8, 'Pasar por caja', 1, '2026-04-22 19:07:24'),
(647, 8, 'Como avanzo con el pago', 1, '2026-04-22 19:07:24'),
(648, 8, 'Donde veo mi carrito de compras', 1, '2026-04-22 19:07:24'),
(649, 8, 'Quiero esto en mi casa', 1, '2026-04-22 19:07:24'),
(650, 8, 'Listar mi compra para pagar', 1, '2026-04-22 19:07:24'),
(651, 8, 'Cuanto me sale si compro dos', 1, '2026-04-22 19:07:24'),
(652, 8, 'Finalizar transaccion', 1, '2026-04-22 19:07:24'),
(653, 8, 'Llevarme este articulo', 1, '2026-04-22 19:07:24'),
(654, 8, 'Agregarlo a mi cesta', 1, '2026-04-22 19:07:24'),
(655, 8, 'Proceder con el pedido', 1, '2026-04-22 19:07:24'),
(656, 8, 'Confirmar mi orden de compra', 1, '2026-04-22 19:07:24'),
(657, 8, 'Quiero abonar ahora mismo', 1, '2026-04-22 19:07:24'),
(658, 8, 'como añado esto al carrito', 1, '2026-04-22 19:07:24'),
(659, 8, 'ya escogi mi pedido como pago', 1, '2026-04-22 19:07:24'),
(660, 8, 'quiero iniciar mi checkout', 1, '2026-04-22 19:07:24'),
(661, 8, 'donde procedo a pagar mis compras', 1, '2026-04-22 19:07:24'),
(662, 8, 'ayudame a completar esta compra', 1, '2026-04-22 19:07:24'),
(663, 8, 'quiero llevar dos de estos', 1, '2026-04-22 19:07:24'),
(664, 8, 'confirmar compra y pagar', 1, '2026-04-22 19:07:24'),
(665, 8, 'generar enlace de pago', 1, '2026-04-22 19:07:24'),
(666, 8, 'deseo hacer un encargo', 1, '2026-04-22 19:07:24'),
(667, 8, 'ya quiero culminar mi pedido donde voy', 1, '2026-04-22 19:07:24'),
(668, 8, 'confirmar carrito y pasar por caja virtual', 1, '2026-04-22 19:07:24'),
(669, 8, 'ayudame a tramitar el pago de esta casaca', 1, '2026-04-22 19:07:24'),
(670, 8, 'como abono el dinero de mi compra online', 1, '2026-04-22 19:07:24'),
(671, 8, 'quiero cancelar mi cuenta por estas prendas', 1, '2026-04-22 19:07:24'),
(672, 8, 'quiero ordenar todas estas cosas para que llegen a mi casa', 1, '2026-04-22 19:07:24'),
(673, 8, 'como inicio el proceso de pago virtual o checkout online', 1, '2026-04-22 19:07:24'),
(674, 8, 'ya escogi mi carrito, como deposito la plata para el delivery', 1, '2026-04-22 19:07:24'),
(675, 8, 'ayudame a facturar esta ropa deportiva urgente', 1, '2026-04-22 19:07:24'),
(676, 8, 'dame un numero de cuenta para abonar el precio del producto', 1, '2026-04-22 19:07:24'),
(677, 8, 'donde le doy click para confirmar y que envien los articulos', 1, '2026-04-22 19:07:24'),
(678, 8, 'quiero pagar las poleras y pantalones de una vez por favor', 1, '2026-04-22 19:07:24'),
(679, 8, 'necesito culminar la transaccion de mi zapatilla', 1, '2026-04-22 19:07:24'),
(680, 8, 'pasame el link de la pasarela de pago para liquidar mi cesta', 1, '2026-04-22 19:07:24'),
(681, 8, 'como genero mi orden definitiva para que el motorizado venga', 1, '2026-04-22 19:07:24'),
(682, 8, 'quiero ordenar todas estas cosas para que llegen a mi casa', 1, '2026-04-22 19:07:24'),
(683, 8, 'como inicio el proceso de pago virtual o checkout online', 1, '2026-04-22 19:07:24'),
(684, 8, 'ya escogi mi carrito, como deposito la plata para el delivery', 1, '2026-04-22 19:07:24'),
(685, 8, 'ayudame a facturar esta ropa deportiva urgente', 1, '2026-04-22 19:07:24'),
(686, 8, 'dame un numero de cuenta para abonar el precio del producto', 1, '2026-04-22 19:07:24'),
(687, 8, 'donde le doy click para confirmar y que envien los articulos', 1, '2026-04-22 19:07:24'),
(688, 8, 'quiero pagar las poleras y pantalones de una vez por favor', 1, '2026-04-22 19:07:24'),
(689, 8, 'necesito culminar la transaccion de mi zapatilla', 1, '2026-04-22 19:07:24'),
(690, 8, 'pasame el link de la pasarela de pago para liquidar mi cesta', 1, '2026-04-22 19:07:24'),
(691, 8, 'como genero mi orden definitiva para que el motorizado venga', 1, '2026-04-22 19:07:24'),
(692, 8, 'quiero ordenar todas estas cosas para que llegen a mi casa', 1, '2026-04-22 19:07:24'),
(693, 8, 'como inicio el proceso de pago virtual o checkout online', 1, '2026-04-22 19:07:24'),
(694, 8, 'ya escogi mi carrito, como deposito la plata para el delivery', 1, '2026-04-22 19:07:24'),
(695, 8, 'ayudame a facturar esta ropa deportiva urgente', 1, '2026-04-22 19:07:24'),
(696, 8, 'dame un numero de cuenta para abonar el precio del producto', 1, '2026-04-22 19:07:24'),
(697, 8, 'donde le doy click para confirmar y que envien los articulos', 1, '2026-04-22 19:07:24'),
(698, 8, 'quiero pagar las poleras y pantalones de una vez por favor', 1, '2026-04-22 19:07:24'),
(699, 8, 'necesito culminar la transaccion de mi zapatilla', 1, '2026-04-22 19:07:24'),
(700, 8, 'pasame el link de la pasarela de pago para liquidar mi cesta', 1, '2026-04-22 19:07:24'),
(701, 8, 'como genero mi orden definitiva para que el motorizado venga', 1, '2026-04-22 19:07:24'),
(702, 8, 'quiero ordenar todas estas cosas para que llegen a mi casa', 1, '2026-04-22 19:07:24'),
(703, 8, 'como inicio el proceso de pago virtual o checkout online', 1, '2026-04-22 19:07:24'),
(704, 8, 'ya escogi mi carrito, como deposito la plata para el delivery', 1, '2026-04-22 19:07:24'),
(705, 8, 'ayudame a facturar esta ropa deportiva urgente', 1, '2026-04-22 19:07:24'),
(706, 8, 'dame un numero de cuenta para abonar el precio del producto', 1, '2026-04-22 19:07:24'),
(707, 8, 'donde le doy click para confirmar y que envien los articulos', 1, '2026-04-22 19:07:24'),
(708, 8, 'quiero pagar las poleras y pantalones de una vez por favor', 1, '2026-04-22 19:07:24'),
(709, 8, 'necesito culminar la transaccion de mi zapatilla', 1, '2026-04-22 19:07:24'),
(710, 8, 'pasame el link de la pasarela de pago para liquidar mi cesta', 1, '2026-04-22 19:07:24'),
(711, 8, 'como genero mi orden definitiva para que el motorizado venga', 1, '2026-04-22 19:07:24'),
(712, 8, 'quiero ordenar todas estas cosas para que llegen a mi casa', 1, '2026-04-22 19:07:24'),
(713, 8, 'como inicio el proceso de pago virtual o checkout online', 1, '2026-04-22 19:07:24'),
(714, 8, 'ya escogi mi carrito, como deposito la plata para el delivery', 1, '2026-04-22 19:07:24'),
(715, 8, 'ayudame a facturar esta ropa deportiva urgente', 1, '2026-04-22 19:07:24'),
(716, 8, 'dame un numero de cuenta para abonar el precio del producto', 1, '2026-04-22 19:07:24'),
(717, 8, 'donde le doy click para confirmar y que envien los articulos', 1, '2026-04-22 19:07:24'),
(718, 8, 'quiero pagar las poleras y pantalones de una vez por favor', 1, '2026-04-22 19:07:24'),
(719, 8, 'necesito culminar la transaccion de mi zapatilla', 1, '2026-04-22 19:07:24'),
(720, 8, 'pasame el link de la pasarela de pago para liquidar mi cesta', 1, '2026-04-22 19:07:24'),
(721, 8, 'como genero mi orden definitiva para que el motorizado venga', 1, '2026-04-22 19:07:24'),
(722, 8, 'como abono esto para que mi encargo llege', 1, '2026-04-22 19:07:24'),
(723, 8, 'quisiera procesar este carrito ya', 1, '2026-04-22 19:07:24'),
(724, 8, 'confirmo mis compras adonde deposito', 1, '2026-04-22 19:07:24'),
(725, 8, 'como abono esto para que mi encargo llege', 1, '2026-04-22 19:07:24'),
(726, 8, 'quisiera procesar este carrito ya', 1, '2026-04-22 19:07:24');
INSERT INTO `patrones` (`id`, `intencion_id`, `texto`, `activo`, `creado_en`) VALUES
(727, 8, 'confirmo mis compras adonde deposito', 1, '2026-04-22 19:07:24'),
(728, 8, 'como abono esto para que mi encargo llege', 1, '2026-04-22 19:07:24'),
(729, 8, 'quisiera procesar este carrito ya', 1, '2026-04-22 19:07:24'),
(730, 8, 'confirmo mis compras adonde deposito', 1, '2026-04-22 19:07:24'),
(731, 8, 'como abono esto para que mi encargo llege', 1, '2026-04-22 19:07:24'),
(732, 8, 'quisiera procesar este carrito ya', 1, '2026-04-22 19:07:24'),
(733, 8, 'confirmo mis compras adonde deposito', 1, '2026-04-22 19:07:24'),
(734, 8, 'como abono esto para que mi encargo llege', 1, '2026-04-22 19:07:24'),
(735, 8, 'quisiera procesar este carrito ya', 1, '2026-04-22 19:07:24'),
(736, 8, 'confirmo mis compras adonde deposito', 1, '2026-04-22 19:07:24'),
(737, 8, 'como abono esto para que mi encargo llege', 1, '2026-04-22 19:07:24'),
(738, 8, 'quisiera procesar este carrito ya', 1, '2026-04-22 19:07:24'),
(739, 8, 'confirmo mis compras adonde deposito', 1, '2026-04-22 19:07:24'),
(740, 8, 'como abono esto para que mi encargo llege', 1, '2026-04-22 19:07:24'),
(741, 8, 'quisiera procesar este carrito ya', 1, '2026-04-22 19:07:24'),
(742, 8, 'confirmo mis compras adonde deposito', 1, '2026-04-22 19:07:24'),
(743, 8, 'como abono esto para que mi encargo llege', 1, '2026-04-22 19:07:24'),
(744, 8, 'quisiera procesar este carrito ya', 1, '2026-04-22 19:07:24'),
(745, 8, 'confirmo mis compras adonde deposito', 1, '2026-04-22 19:07:24'),
(746, 9, 'Mi pedido no llegó', 1, '2026-04-22 19:07:24'),
(747, 9, 'No llegó mi pedido', 1, '2026-04-22 19:07:24'),
(748, 9, 'Pedido demorado', 1, '2026-04-22 19:07:24'),
(749, 9, 'Retraso', 1, '2026-04-22 19:07:24'),
(750, 9, 'Producto defectuoso', 1, '2026-04-22 19:07:24'),
(751, 9, 'Vino fallado', 1, '2026-04-22 19:07:24'),
(752, 9, 'Vino roto', 1, '2026-04-22 19:07:24'),
(753, 9, 'No es lo que pedí', 1, '2026-04-22 19:07:24'),
(754, 9, 'Me enviaron otro color', 1, '2026-04-22 19:07:24'),
(755, 9, 'Talla equivocada', 1, '2026-04-22 19:07:24'),
(756, 9, 'Quiero reclamar', 1, '2026-04-22 19:07:24'),
(757, 9, 'Quiero quejarme', 1, '2026-04-22 19:07:24'),
(758, 9, 'Reclamo', 1, '2026-04-22 19:07:24'),
(759, 9, 'Queja', 1, '2026-04-22 19:07:24'),
(760, 9, 'Devolución', 1, '2026-04-22 19:07:24'),
(761, 9, 'Quiero devolver', 1, '2026-04-22 19:07:24'),
(762, 9, 'Reembolso', 1, '2026-04-22 19:07:24'),
(763, 9, 'Quiero mi dinero', 1, '2026-04-22 19:07:24'),
(764, 9, 'Atención al cliente', 1, '2026-04-22 19:07:24'),
(765, 9, 'Soporte', 1, '2026-04-22 19:07:24'),
(766, 9, 'No funciona', 1, '2026-04-22 19:07:24'),
(767, 9, 'Mala calidad', 1, '2026-04-22 19:07:24'),
(768, 9, 'Producto dañado', 1, '2026-04-22 19:07:24'),
(769, 9, 'Cambiar producto', 1, '2026-04-22 19:07:24'),
(770, 9, 'Cambio', 1, '2026-04-22 19:07:24'),
(771, 9, 'Garantía', 1, '2026-04-22 19:07:24'),
(772, 9, 'Tiene garantía', 1, '2026-04-22 19:07:24'),
(773, 9, 'Problema con compra', 1, '2026-04-22 19:07:24'),
(774, 9, 'quiero hacer un reclamo formal', 1, '2026-04-22 19:07:24'),
(775, 9, 'libro de reclamaciones', 1, '2026-04-22 19:07:24'),
(776, 9, 'no me contestan', 1, '2026-04-22 19:07:24'),
(777, 9, 'Donde esta mi pedido', 1, '2026-04-22 19:07:24'),
(778, 9, 'Necesito poner un reclamo urgente', 1, '2026-04-22 19:07:24'),
(779, 9, 'El producto vino sucio', 1, '2026-04-22 19:07:24'),
(780, 9, 'Las zapatillas llegaron despegadas', 1, '2026-04-22 19:07:24'),
(781, 9, 'No me enviaron la talla correcta', 1, '2026-04-22 19:07:24'),
(782, 9, 'Pesimo servicio quiero mi plata', 1, '2026-04-22 19:07:24'),
(783, 9, 'Como hago para cambiar esto', 1, '2026-04-22 19:07:24'),
(784, 9, 'Cuanto tardan en reembolsar', 1, '2026-04-22 19:07:24'),
(785, 9, 'El envio esta muy retrasado', 1, '2026-04-22 19:07:24'),
(786, 9, 'Nadie me responde al soporte', 1, '2026-04-22 19:07:24'),
(787, 9, 'Como solicito una garantia por defecto', 1, '2026-04-22 19:07:24'),
(788, 9, 'La caja llego rota', 1, '2026-04-22 19:07:24'),
(789, 9, 'Exijo un cambio inmediato', 1, '2026-04-22 19:07:24'),
(790, 9, 'Quiero hablar con el gerente', 1, '2026-04-22 19:07:24'),
(791, 9, 'Este producto es falso quiero devolverlo', 1, '2026-04-22 19:07:24'),
(792, 9, 'Vino manchado el polo', 1, '2026-04-22 19:07:24'),
(793, 9, 'Se despinto a la primera lavada', 1, '2026-04-22 19:07:24'),
(794, 9, 'la garantia no me sirve porque no contestan', 1, '2026-04-22 19:07:24'),
(795, 9, 'quiero elevar mi caso a un supervisor', 1, '2026-04-22 19:07:24'),
(796, 9, 'el cierre de la casaca se malogro enseguida', 1, '2026-04-22 19:07:24'),
(797, 9, 'vino con una mancha de grasa', 1, '2026-04-22 19:07:24'),
(798, 9, 'me siento estafado por su publicidad', 1, '2026-04-22 19:07:24'),
(799, 9, 'el pedido debio llegar ayer y nada', 1, '2026-04-22 19:07:24'),
(800, 9, 'devuelvanme la plata al bcp', 1, '2026-04-22 19:07:24'),
(801, 9, 'estoy llamando y me cuelgan', 1, '2026-04-22 19:07:25'),
(802, 9, 'estafadores mi paquete nunca llego', 1, '2026-04-22 19:07:25'),
(803, 9, 'voy a denunciarlos a indecopi', 1, '2026-04-22 19:07:25'),
(804, 9, 'exijo un reembolso a mi tarjeta', 1, '2026-04-22 19:07:25'),
(805, 9, 'la ropa destiñe mucho', 1, '2026-04-22 19:07:25'),
(806, 9, 'el zapato llego roto de fabrica', 1, '2026-04-22 19:07:25'),
(807, 9, 'me enviaron un modelo que no pedi', 1, '2026-04-22 19:07:25'),
(808, 9, 'el servicio de soporte es malisimo', 1, '2026-04-22 19:07:25'),
(809, 9, 'necesito cambiar este producto fallado', 1, '2026-04-22 19:07:25'),
(810, 9, 'el pedido debia llegar hace una semana son unos estafadores', 1, '2026-04-22 19:07:25'),
(811, 9, 'quiero el reembolso inmediato a mi tarjeta interbank o visa', 1, '2026-04-22 19:07:25'),
(812, 9, 'el cierre del pantalon de buzo vino malogrado y deshilachado', 1, '2026-04-22 19:07:25'),
(813, 9, 'nadie atiende el telefono en servicio al cliente pesimo trato', 1, '2026-04-22 19:07:25'),
(814, 9, 'es inaceptable que la casaca llegue manchada de grasa', 1, '2026-04-22 19:07:25'),
(815, 9, 'voy a denunciar en indecopi porque no me cambian la talla', 1, '2026-04-22 19:07:25'),
(816, 9, 'me trajeron el color verde en vez del amarillo fosforescente que pedi', 1, '2026-04-22 19:07:25'),
(817, 9, 'exijo la devolucion de mi plata ahora mismo porque no funciona el zapato', 1, '2026-04-22 19:07:25'),
(818, 9, 'quiero dejar un reclamo escrito en el libro virtual', 1, '2026-04-22 19:07:25'),
(819, 9, 'son unos irresponsables con las entregas a provincia en peru', 1, '2026-04-22 19:07:25'),
(820, 9, 'el pedido debia llegar hace una semana son unos estafadores', 1, '2026-04-22 19:07:25'),
(821, 9, 'quiero el reembolso inmediato a mi tarjeta interbank o visa', 1, '2026-04-22 19:07:25'),
(822, 9, 'el cierre del pantalon de buzo vino malogrado y deshilachado', 1, '2026-04-22 19:07:25'),
(823, 9, 'nadie atiende el telefono en servicio al cliente pesimo trato', 1, '2026-04-22 19:07:25'),
(824, 9, 'es inaceptable que la casaca llegue manchada de grasa', 1, '2026-04-22 19:07:25'),
(825, 9, 'voy a denunciar en indecopi porque no me cambian la talla', 1, '2026-04-22 19:07:25'),
(826, 9, 'me trajeron el color verde en vez del amarillo fosforescente que pedi', 1, '2026-04-22 19:07:25'),
(827, 9, 'exijo la devolucion de mi plata ahora mismo porque no funciona el zapato', 1, '2026-04-22 19:07:25'),
(828, 9, 'quiero dejar un reclamo escrito en el libro virtual', 1, '2026-04-22 19:07:25'),
(829, 9, 'son unos irresponsables con las entregas a provincia en peru', 1, '2026-04-22 19:07:25'),
(830, 9, 'el pedido debia llegar hace una semana son unos estafadores', 1, '2026-04-22 19:07:25'),
(831, 9, 'quiero el reembolso inmediato a mi tarjeta interbank o visa', 1, '2026-04-22 19:07:25'),
(832, 9, 'el cierre del pantalon de buzo vino malogrado y deshilachado', 1, '2026-04-22 19:07:25'),
(833, 9, 'nadie atiende el telefono en servicio al cliente pesimo trato', 1, '2026-04-22 19:07:25'),
(834, 9, 'es inaceptable que la casaca llegue manchada de grasa', 1, '2026-04-22 19:07:25'),
(835, 9, 'voy a denunciar en indecopi porque no me cambian la talla', 1, '2026-04-22 19:07:25'),
(836, 9, 'me trajeron el color verde en vez del amarillo fosforescente que pedi', 1, '2026-04-22 19:07:25'),
(837, 9, 'exijo la devolucion de mi plata ahora mismo porque no funciona el zapato', 1, '2026-04-22 19:07:25'),
(838, 9, 'quiero dejar un reclamo escrito en el libro virtual', 1, '2026-04-22 19:07:25'),
(839, 9, 'son unos irresponsables con las entregas a provincia en peru', 1, '2026-04-22 19:07:25'),
(840, 9, 'el pedido debia llegar hace una semana son unos estafadores', 1, '2026-04-22 19:07:25'),
(841, 9, 'quiero el reembolso inmediato a mi tarjeta interbank o visa', 1, '2026-04-22 19:07:25'),
(842, 9, 'el cierre del pantalon de buzo vino malogrado y deshilachado', 1, '2026-04-22 19:07:25'),
(843, 9, 'nadie atiende el telefono en servicio al cliente pesimo trato', 1, '2026-04-22 19:07:25'),
(844, 9, 'es inaceptable que la casaca llegue manchada de grasa', 1, '2026-04-22 19:07:25'),
(845, 9, 'voy a denunciar en indecopi porque no me cambian la talla', 1, '2026-04-22 19:07:25'),
(846, 9, 'me trajeron el color verde en vez del amarillo fosforescente que pedi', 1, '2026-04-22 19:07:25'),
(847, 9, 'exijo la devolucion de mi plata ahora mismo porque no funciona el zapato', 1, '2026-04-22 19:07:25'),
(848, 9, 'quiero dejar un reclamo escrito en el libro virtual', 1, '2026-04-22 19:07:25'),
(849, 9, 'son unos irresponsables con las entregas a provincia en peru', 1, '2026-04-22 19:07:25'),
(850, 9, 'el pedido debia llegar hace una semana son unos estafadores', 1, '2026-04-22 19:07:25'),
(851, 9, 'quiero el reembolso inmediato a mi tarjeta interbank o visa', 1, '2026-04-22 19:07:25'),
(852, 9, 'el cierre del pantalon de buzo vino malogrado y deshilachado', 1, '2026-04-22 19:07:25'),
(853, 9, 'nadie atiende el telefono en servicio al cliente pesimo trato', 1, '2026-04-22 19:07:25'),
(854, 9, 'es inaceptable que la casaca llegue manchada de grasa', 1, '2026-04-22 19:07:25'),
(855, 9, 'voy a denunciar en indecopi porque no me cambian la talla', 1, '2026-04-22 19:07:25'),
(856, 9, 'me trajeron el color verde en vez del amarillo fosforescente que pedi', 1, '2026-04-22 19:07:25'),
(857, 9, 'exijo la devolucion de mi plata ahora mismo porque no funciona el zapato', 1, '2026-04-22 19:07:25'),
(858, 9, 'quiero dejar un reclamo escrito en el libro virtual', 1, '2026-04-22 19:07:25'),
(859, 9, 'son unos irresponsables con las entregas a provincia en peru', 1, '2026-04-22 19:07:25'),
(860, 9, 'me devolvieron mi dinero tarde estoy muy indignado con la empresa', 1, '2026-04-22 19:07:25'),
(861, 9, 'la casaca esta muy sucia quiero asentar mi denuncia en el libro de reclamaciones fisico', 1, '2026-04-22 19:07:25'),
(862, 9, 'me devolvieron mi dinero tarde estoy muy indignado con la empresa', 1, '2026-04-22 19:07:25'),
(863, 9, 'la casaca esta muy sucia quiero asentar mi denuncia en el libro de reclamaciones fisico', 1, '2026-04-22 19:07:25'),
(864, 9, 'me devolvieron mi dinero tarde estoy muy indignado con la empresa', 1, '2026-04-22 19:07:25'),
(865, 9, 'la casaca esta muy sucia quiero asentar mi denuncia en el libro de reclamaciones fisico', 1, '2026-04-22 19:07:25'),
(866, 9, 'me devolvieron mi dinero tarde estoy muy indignado con la empresa', 1, '2026-04-22 19:07:25'),
(867, 9, 'la casaca esta muy sucia quiero asentar mi denuncia en el libro de reclamaciones fisico', 1, '2026-04-22 19:07:25'),
(868, 9, 'me devolvieron mi dinero tarde estoy muy indignado con la empresa', 1, '2026-04-22 19:07:25'),
(869, 9, 'la casaca esta muy sucia quiero asentar mi denuncia en el libro de reclamaciones fisico', 1, '2026-04-22 19:07:25'),
(870, 9, 'me devolvieron mi dinero tarde estoy muy indignado con la empresa', 1, '2026-04-22 19:07:25'),
(871, 9, 'la casaca esta muy sucia quiero asentar mi denuncia en el libro de reclamaciones fisico', 1, '2026-04-22 19:07:25'),
(872, 9, 'me devolvieron mi dinero tarde estoy muy indignado con la empresa', 1, '2026-04-22 19:07:25'),
(873, 9, 'la casaca esta muy sucia quiero asentar mi denuncia en el libro de reclamaciones fisico', 1, '2026-04-22 19:07:25'),
(874, 9, 'me devolvieron mi dinero tarde estoy muy indignado con la empresa', 1, '2026-04-22 19:07:25'),
(875, 9, 'la casaca esta muy sucia quiero asentar mi denuncia en el libro de reclamaciones fisico', 1, '2026-04-22 19:07:25'),
(876, 9, 'quiero devolver unos zapatos', 1, '2026-04-22 19:07:25'),
(877, 9, 'devoluciones', 1, '2026-04-22 19:07:25'),
(878, 9, 'soporte', 1, '2026-04-22 19:07:25'),
(879, 9, 'como devuelvo', 1, '2026-04-22 19:07:25'),
(880, 10, 'Hay ofertas', 1, '2026-04-22 19:07:25'),
(881, 10, 'Tienen ofertas', 1, '2026-04-22 19:07:25'),
(882, 10, 'Ofertas del día', 1, '2026-04-22 19:07:25'),
(883, 10, 'Promociones', 1, '2026-04-22 19:07:25'),
(884, 10, 'Descuentos', 1, '2026-04-22 19:07:25'),
(885, 10, 'Hay descuento', 1, '2026-04-22 19:07:25'),
(886, 10, 'Cupón', 1, '2026-04-22 19:07:25'),
(887, 10, 'Código de descuento', 1, '2026-04-22 19:07:25'),
(888, 10, 'Rebajas', 1, '2026-04-22 19:07:25'),
(889, 10, 'Liquidación', 1, '2026-04-22 19:07:25'),
(890, 10, 'Sale', 1, '2026-04-22 19:07:25'),
(891, 10, 'Oferta', 1, '2026-04-22 19:07:25'),
(892, 10, 'Promo', 1, '2026-04-22 19:07:25'),
(893, 10, '2x1', 1, '2026-04-22 19:07:25'),
(894, 10, 'Segunda unidad', 1, '2026-04-22 19:07:25'),
(895, 10, 'Descuento estudiante', 1, '2026-04-22 19:07:25'),
(896, 10, 'Descuento SENATI', 1, '2026-04-22 19:07:25'),
(897, 10, 'Black Friday', 1, '2026-04-22 19:07:25'),
(898, 10, 'Cyber', 1, '2026-04-22 19:07:25'),
(899, 10, 'Promoción vigente', 1, '2026-04-22 19:07:25'),
(900, 10, 'Qué promo hay', 1, '2026-04-22 19:07:25'),
(901, 10, 'Hay rebaja en zapatillas', 1, '2026-04-22 19:07:25'),
(902, 10, 'Descuento en polos', 1, '2026-04-22 19:07:25'),
(903, 10, 'Oferta en calzado', 1, '2026-04-22 19:07:25'),
(904, 10, 'promocion hoy', 1, '2026-04-22 19:07:25'),
(905, 10, 'descuento por volumen', 1, '2026-04-22 19:07:25'),
(906, 10, 'oferta especial', 1, '2026-04-22 19:07:25'),
(907, 10, 'Que descuentos tienen hoy', 1, '2026-04-22 19:07:25'),
(908, 10, 'Tienen cupon activo', 1, '2026-04-22 19:07:25'),
(909, 10, 'Hay codigo promocional', 1, '2026-04-22 19:07:25'),
(910, 10, 'Promociones de la semana', 1, '2026-04-22 19:07:25'),
(911, 10, 'Hay promo en running', 1, '2026-04-22 19:07:25'),
(912, 10, 'Hay oferta en entrenamiento', 1, '2026-04-22 19:07:25'),
(913, 10, 'Tienen outlet', 1, '2026-04-22 19:07:25'),
(914, 10, 'Descuento por temporada', 1, '2026-04-22 19:07:25'),
(915, 10, 'Promo para primera compra', 1, '2026-04-22 19:07:25'),
(916, 10, 'Hay cyber hoy', 1, '2026-04-22 19:07:25'),
(917, 10, 'Que promos de fin de mes tienen', 1, '2026-04-22 19:07:25'),
(918, 10, 'Sale de verano', 1, '2026-04-22 19:07:25'),
(919, 10, 'Descuento por navidad', 1, '2026-04-22 19:07:25'),
(920, 10, 'Tienen promocion 3x2', 1, '2026-04-22 19:07:25'),
(921, 10, 'Regalan algo por comprar', 1, '2026-04-22 19:07:25'),
(922, 10, 'Aplica para cyber monday', 1, '2026-04-22 19:07:25'),
(923, 10, 'Tienen descuento por dia del shopping', 1, '2026-04-22 19:07:25'),
(924, 10, 'Hay promo de envio gratis hoy', 1, '2026-04-22 19:07:25'),
(925, 10, 'Que me regalas si llevo varios', 1, '2026-04-22 19:07:25'),
(926, 10, 'Si soy cliente frecuente hay rebaja', 1, '2026-04-22 19:07:25'),
(927, 10, 'Codigo de descuento para enero', 1, '2026-04-22 19:07:25'),
(928, 10, 'Hay cupones de influenciadores', 1, '2026-04-22 19:07:25'),
(929, 10, 'Promos flash del dia', 1, '2026-04-22 19:07:25'),
(930, 10, 'hay algun descuento especial hoy por el dia de la madre', 1, '2026-04-22 19:07:25'),
(931, 10, 'tienen rebajas de temporada o liquidacion final', 1, '2026-04-22 19:07:25'),
(932, 10, 'donde consigo un cupon para mi primera compra', 1, '2026-04-22 19:07:25'),
(933, 10, 'tienen promocion dos por uno en medias', 1, '2026-04-22 19:07:25'),
(934, 10, 'si compro mas de cien soles me dan un regalo?', 1, '2026-04-22 19:07:25'),
(935, 10, 'que ofertas hay activas en este momento', 1, '2026-04-22 19:07:25'),
(936, 10, 'puedo usar mi codigo de descuento de estudiante', 1, '2026-04-22 19:07:25'),
(937, 10, 'hay promociones con tarjetas bcp', 1, '2026-04-22 19:07:25'),
(938, 11, 'Gracias', 1, '2026-04-22 19:07:25'),
(939, 11, 'Muchas gracias', 1, '2026-04-22 19:07:25'),
(940, 11, 'Mil gracias', 1, '2026-04-22 19:07:25'),
(941, 11, 'Te agradezco', 1, '2026-04-22 19:07:25'),
(942, 11, 'Gracias totales', 1, '2026-04-22 19:07:25'),
(943, 11, 'Gracias por la ayuda', 1, '2026-04-22 19:07:25'),
(944, 11, 'Genial gracias', 1, '2026-04-22 19:07:25'),
(945, 11, 'Perfecto gracias', 1, '2026-04-22 19:07:25'),
(946, 11, 'Ok gracias', 1, '2026-04-22 19:07:25'),
(947, 11, 'Excelente gracias', 1, '2026-04-22 19:07:25'),
(948, 11, 'Buenazo gracias', 1, '2026-04-22 19:07:25'),
(949, 11, 'Gracias bro', 1, '2026-04-22 19:07:25'),
(950, 11, 'Gracias amigo', 1, '2026-04-22 19:07:25'),
(951, 11, 'Se agradece', 1, '2026-04-22 19:07:25'),
(952, 11, 'Agradecido', 1, '2026-04-22 19:07:25'),
(953, 11, 'Muy amable', 1, '2026-04-22 19:07:25'),
(954, 11, 'Gracias por todo', 1, '2026-04-22 19:07:25'),
(955, 11, 'Te lo super agradezco', 1, '2026-04-22 19:07:25'),
(956, 11, 'Chevere gracias', 1, '2026-04-22 19:07:25'),
(957, 11, 'Lo máximo', 1, '2026-04-22 19:07:25'),
(958, 11, 'Muchas gracias por tu tiempo', 1, '2026-04-22 19:07:25'),
(959, 11, 'Gracias por responderme tan rapido', 1, '2026-04-22 19:07:25'),
(960, 11, 'Te pasaste gracias', 1, '2026-04-22 19:07:25'),
(961, 11, 'Gracias amigo robot', 1, '2026-04-22 19:07:25'),
(962, 11, 'Que buen servicio gracias', 1, '2026-04-22 19:07:25'),
(963, 11, 'Muy buena atencion gracias', 1, '2026-04-22 19:07:25'),
(964, 11, 'Agradecido con el de arriba', 1, '2026-04-22 19:07:25'),
(965, 11, 'Gracias totales amigo', 1, '2026-04-22 19:07:25'),
(966, 11, 'Listo gracias', 1, '2026-04-22 19:07:25'),
(967, 11, 'Todo bien gracias', 1, '2026-04-22 19:07:25'),
(968, 11, 'Gracias por la informacion detallada', 1, '2026-04-22 19:07:25'),
(969, 11, 'Oka gracias', 1, '2026-04-22 19:07:25'),
(970, 11, 'gracias amigo eres un capo', 1, '2026-04-22 19:07:25'),
(971, 11, 'excelente atencion te lo agradezco mucho', 1, '2026-04-22 19:07:25'),
(972, 11, 'mil gracias por resolver mi duda', 1, '2026-04-22 19:07:25'),
(973, 11, 'estoy muy agradecido', 1, '2026-04-22 19:07:25'),
(974, 11, 'todo quedo super claro gracias', 1, '2026-04-22 19:07:25'),
(975, 11, 'gracias por tu paciencia', 1, '2026-04-22 19:07:25'),
(976, 11, 'muchas gracias estimado bot', 1, '2026-04-22 19:07:25'),
(977, 11, 'un millon de gracias', 1, '2026-04-22 19:07:25'),
(978, 11, 'perfectisimo gracias', 1, '2026-04-22 19:07:25'),
(979, 11, 'todo ok muchas gracias', 1, '2026-04-22 19:07:25'),
(980, 11, 'se agradece enormemente el servicio mi estimado bot', 1, '2026-04-22 19:07:25'),
(981, 11, 'eres lo maximo gracias por toda tu gran paciencia', 1, '2026-04-22 19:07:25'),
(982, 11, 'te doy muchisimas gracias por ser tan util amiguito', 1, '2026-04-22 19:07:25'),
(983, 11, 'todo perfecto te pasaste mil gracias robotin', 1, '2026-04-22 19:07:25'),
(984, 11, 'agradecido con el soporte que brindan en este chat en linea', 1, '2026-04-22 19:07:25'),
(985, 11, 'muchas gracias por contestar tan rapido siempre', 1, '2026-04-22 19:07:25'),
(986, 11, 'se aprecia bastante tu enorme labor, gracias', 1, '2026-04-22 19:07:25'),
(987, 11, 'eso es todo lo que queria saber te agradezco profundamente', 1, '2026-04-22 19:07:25'),
(988, 11, 'se agradece enormemente el servicio mi estimado bot', 1, '2026-04-22 19:07:25'),
(989, 11, 'eres lo maximo gracias por toda tu gran paciencia', 1, '2026-04-22 19:07:25'),
(990, 11, 'te doy muchisimas gracias por ser tan util amiguito', 1, '2026-04-22 19:07:25'),
(991, 11, 'todo perfecto te pasaste mil gracias robotin', 1, '2026-04-22 19:07:25'),
(992, 11, 'agradecido con el soporte que brindan en este chat en linea', 1, '2026-04-22 19:07:25'),
(993, 11, 'muchas gracias por contestar tan rapido siempre', 1, '2026-04-22 19:07:25'),
(994, 11, 'se aprecia bastante tu enorme labor, gracias', 1, '2026-04-22 19:07:25'),
(995, 11, 'eso es todo lo que queria saber te agradezco profundamente', 1, '2026-04-22 19:07:25'),
(996, 11, 'se agradece enormemente el servicio mi estimado bot', 1, '2026-04-22 19:07:25'),
(997, 11, 'eres lo maximo gracias por toda tu gran paciencia', 1, '2026-04-22 19:07:25'),
(998, 11, 'te doy muchisimas gracias por ser tan util amiguito', 1, '2026-04-22 19:07:25'),
(999, 11, 'todo perfecto te pasaste mil gracias robotin', 1, '2026-04-22 19:07:25'),
(1000, 11, 'agradecido con el soporte que brindan en este chat en linea', 1, '2026-04-22 19:07:25'),
(1001, 11, 'muchas gracias por contestar tan rapido siempre', 1, '2026-04-22 19:07:25'),
(1002, 11, 'se aprecia bastante tu enorme labor, gracias', 1, '2026-04-22 19:07:25'),
(1003, 11, 'eso es todo lo que queria saber te agradezco profundamente', 1, '2026-04-22 19:07:25'),
(1004, 11, 'se agradece enormemente el servicio mi estimado bot', 1, '2026-04-22 19:07:25'),
(1005, 11, 'eres lo maximo gracias por toda tu gran paciencia', 1, '2026-04-22 19:07:25'),
(1006, 11, 'te doy muchisimas gracias por ser tan util amiguito', 1, '2026-04-22 19:07:25'),
(1007, 11, 'todo perfecto te pasaste mil gracias robotin', 1, '2026-04-22 19:07:25'),
(1008, 11, 'agradecido con el soporte que brindan en este chat en linea', 1, '2026-04-22 19:07:25'),
(1009, 11, 'muchas gracias por contestar tan rapido siempre', 1, '2026-04-22 19:07:25'),
(1010, 11, 'se aprecia bastante tu enorme labor, gracias', 1, '2026-04-22 19:07:25'),
(1011, 11, 'eso es todo lo que queria saber te agradezco profundamente', 1, '2026-04-22 19:07:25'),
(1012, 11, 'se agradece enormemente el servicio mi estimado bot', 1, '2026-04-22 19:07:25'),
(1013, 11, 'eres lo maximo gracias por toda tu gran paciencia', 1, '2026-04-22 19:07:25'),
(1014, 11, 'te doy muchisimas gracias por ser tan util amiguito', 1, '2026-04-22 19:07:25'),
(1015, 11, 'todo perfecto te pasaste mil gracias robotin', 1, '2026-04-22 19:07:25'),
(1016, 11, 'agradecido con el soporte que brindan en este chat en linea', 1, '2026-04-22 19:07:25'),
(1017, 11, 'muchas gracias por contestar tan rapido siempre', 1, '2026-04-22 19:07:25'),
(1018, 11, 'se aprecia bastante tu enorme labor, gracias', 1, '2026-04-22 19:07:25'),
(1019, 11, 'eso es todo lo que queria saber te agradezco profundamente', 1, '2026-04-22 19:07:25'),
(1020, 12, 'stock', 1, '2026-04-22 19:07:25'),
(1021, 12, 'hay stock', 1, '2026-04-22 19:07:25'),
(1022, 12, 'tienen stock', 1, '2026-04-22 19:07:25'),
(1023, 12, 'disponibilidad', 1, '2026-04-22 19:07:25'),
(1024, 12, 'esta disponible', 1, '2026-04-22 19:07:25'),
(1025, 12, 'tallas', 1, '2026-04-22 19:07:25'),
(1026, 12, 'que tallas hay', 1, '2026-04-22 19:07:25'),
(1027, 12, 'qué tallas hay', 1, '2026-04-22 19:07:25'),
(1028, 12, 'tallas disponibles', 1, '2026-04-22 19:07:25'),
(1029, 12, 'en que tallas viene', 1, '2026-04-22 19:07:25'),
(1030, 12, 'tienen en M', 1, '2026-04-22 19:07:25'),
(1031, 12, 'hay en L', 1, '2026-04-22 19:07:25'),
(1032, 12, 'tienes talla S', 1, '2026-04-22 19:07:25'),
(1033, 12, 'talla M', 1, '2026-04-22 19:07:25'),
(1034, 12, 'talla L', 1, '2026-04-22 19:07:25'),
(1035, 12, 'talla XL', 1, '2026-04-22 19:07:25'),
(1036, 12, 'talla XS', 1, '2026-04-22 19:07:25'),
(1037, 12, 'talla 38', 1, '2026-04-22 19:07:25'),
(1038, 12, 'talla 40', 1, '2026-04-22 19:07:25'),
(1039, 12, 'talla 42', 1, '2026-04-22 19:07:25'),
(1040, 12, 'hay en 39', 1, '2026-04-22 19:07:25'),
(1041, 12, 'tienen 41', 1, '2026-04-22 19:07:25'),
(1042, 12, 'queda en M', 1, '2026-04-22 19:07:25'),
(1043, 12, 'queda stock', 1, '2026-04-22 19:07:25'),
(1044, 12, 'cuantas unidades', 1, '2026-04-22 19:07:25'),
(1045, 12, 'cuanto queda', 1, '2026-04-22 19:07:25'),
(1046, 12, 'queda disponible', 1, '2026-04-22 19:07:25'),
(1047, 12, 'hay en talla', 1, '2026-04-22 19:07:25'),
(1048, 12, 'disponible en S', 1, '2026-04-22 19:07:25'),
(1049, 12, 'tienes en XL', 1, '2026-04-22 19:07:25'),
(1050, 12, 'stock de este', 1, '2026-04-22 19:07:25'),
(1051, 12, 'ver tallas', 1, '2026-04-22 19:07:25'),
(1052, 12, 'hay en talla L', 1, '2026-04-22 19:07:25'),
(1053, 12, 'tienen talla M disponible', 1, '2026-04-22 19:07:25'),
(1054, 12, 'stock actual', 1, '2026-04-22 19:07:25'),
(1055, 12, 'Stock de este producto', 1, '2026-04-22 19:07:25'),
(1056, 12, 'Cuantas unidades hay de este producto', 1, '2026-04-22 19:07:25'),
(1057, 12, 'Me confirmas stock', 1, '2026-04-22 19:07:25'),
(1058, 12, 'Hay existencia', 1, '2026-04-22 19:07:25'),
(1059, 12, 'Queda en talla 40 este producto', 1, '2026-04-22 19:07:25'),
(1060, 12, 'Tienes disponible en talla 42 este modelo', 1, '2026-04-22 19:07:25'),
(1061, 12, 'Cuantas piezas quedan', 1, '2026-04-22 19:07:25'),
(1062, 12, 'Stock por talla', 1, '2026-04-22 19:07:25'),
(1063, 12, 'Agotado o disponible', 1, '2026-04-22 19:07:25'),
(1064, 12, 'Esta agotado', 1, '2026-04-22 19:07:25'),
(1065, 12, 'Tienes en medidas grandes', 1, '2026-04-22 19:07:25'),
(1066, 12, 'Te quedo inventario de eso', 1, '2026-04-22 19:07:25'),
(1067, 12, 'Aun tienes o ya volo', 1, '2026-04-22 19:07:25'),
(1068, 12, 'Quiero saber si hay en talle chico', 1, '2026-04-22 19:07:25'),
(1069, 12, 'Si no hay me avisas', 1, '2026-04-22 19:07:25'),
(1070, 12, 'Queda alguna caja nueva', 1, '2026-04-22 19:07:25'),
(1071, 12, 'Stock en deposito', 1, '2026-04-22 19:07:25'),
(1072, 12, 'Cuantos pares te sobran', 1, '2026-04-22 19:07:25'),
(1073, 12, 'tienes mi medida de pie disponible?', 1, '2026-04-22 19:07:25'),
(1074, 12, 'quedaron pares de ese modelo?', 1, '2026-04-22 19:07:25'),
(1075, 12, 'busco disponibilidad en m', 1, '2026-04-22 19:07:25'),
(1076, 12, 'todavia tienes esa casaca?', 1, '2026-04-22 19:07:25'),
(1077, 12, 'no veo si hay stock de este short', 1, '2026-04-22 19:07:25'),
(1078, 12, 'hay suficientes unidades en el deposito?', 1, '2026-04-22 19:07:25'),
(1079, 12, 'para cuando reponen stock', 1, '2026-04-22 19:07:25'),
(1080, 12, 'me avisas si vuelve a haber en talla grande', 1, '2026-04-22 19:07:25'),
(1081, 12, 'quedan pocas piezas o hay varias', 1, '2026-04-22 19:07:25'),
(1082, 12, 'te queda en almacen esta misma zapatilla o ya se acabaron todas', 1, '2026-04-22 19:07:25'),
(1083, 12, 'confirma la existencia de este short en talle chico por favor', 1, '2026-04-22 19:07:25'),
(1084, 12, 'te queda en almacen esta misma zapatilla o ya se acabaron todas', 1, '2026-04-22 19:07:25'),
(1085, 12, 'confirma la existencia de este short en talle chico por favor', 1, '2026-04-22 19:07:25'),
(1086, 12, 'te queda en almacen esta misma zapatilla o ya se acabaron todas', 1, '2026-04-22 19:07:25'),
(1087, 12, 'confirma la existencia de este short en talle chico por favor', 1, '2026-04-22 19:07:25'),
(1088, 12, 'te queda en almacen esta misma zapatilla o ya se acabaron todas', 1, '2026-04-22 19:07:25'),
(1089, 12, 'confirma la existencia de este short en talle chico por favor', 1, '2026-04-22 19:07:25'),
(1090, 12, 'te queda en almacen esta misma zapatilla o ya se acabaron todas', 1, '2026-04-22 19:07:25'),
(1091, 12, 'confirma la existencia de este short en talle chico por favor', 1, '2026-04-22 19:07:25'),
(1092, 12, 'te queda en almacen esta misma zapatilla o ya se acabaron todas', 1, '2026-04-22 19:07:25'),
(1093, 12, 'confirma la existencia de este short en talle chico por favor', 1, '2026-04-22 19:07:25'),
(1094, 12, 'te queda en almacen esta misma zapatilla o ya se acabaron todas', 1, '2026-04-22 19:07:25'),
(1095, 12, 'confirma la existencia de este short en talle chico por favor', 1, '2026-04-22 19:07:25'),
(1096, 12, 'te queda en almacen esta misma zapatilla o ya se acabaron todas', 1, '2026-04-22 19:07:25'),
(1097, 12, 'confirma la existencia de este short en talle chico por favor', 1, '2026-04-22 19:07:25'),
(1098, 12, 'todavia tienen de estas zapatillas', 1, '2026-04-22 19:07:25'),
(1099, 12, 'dime la disponibilidad en inventario', 1, '2026-04-22 19:07:25'),
(1100, 12, 'quiero comprar pero no se si quedan pares', 1, '2026-04-22 19:07:25'),
(1101, 12, 'cuantas casacas de este tipo te quedan', 1, '2026-04-22 19:07:25'),
(1102, 12, 'confirmame la existencia en su base de datos', 1, '2026-04-22 19:07:25'),
(1103, 12, 'les sobro stock de este modelo en m', 1, '2026-04-22 19:07:25'),
(1104, 12, 'todavia tienen de estas zapatillas', 1, '2026-04-22 19:07:25'),
(1105, 12, 'dime la disponibilidad en inventario', 1, '2026-04-22 19:07:25'),
(1106, 12, 'quiero comprar pero no se si quedan pares', 1, '2026-04-22 19:07:25'),
(1107, 12, 'cuantas casacas de este tipo te quedan', 1, '2026-04-22 19:07:25'),
(1108, 12, 'confirmame la existencia en su base de datos', 1, '2026-04-22 19:07:25'),
(1109, 12, 'les sobro stock de este modelo en m', 1, '2026-04-22 19:07:25'),
(1110, 12, 'todavia tienen de estas zapatillas', 1, '2026-04-22 19:07:25'),
(1111, 12, 'dime la disponibilidad en inventario', 1, '2026-04-22 19:07:25'),
(1112, 12, 'quiero comprar pero no se si quedan pares', 1, '2026-04-22 19:07:25'),
(1113, 12, 'cuantas casacas de este tipo te quedan', 1, '2026-04-22 19:07:25'),
(1114, 12, 'confirmame la existencia en su base de datos', 1, '2026-04-22 19:07:25'),
(1115, 12, 'les sobro stock de este modelo en m', 1, '2026-04-22 19:07:25'),
(1116, 12, 'todavia tienen de estas zapatillas', 1, '2026-04-22 19:07:25'),
(1117, 12, 'dime la disponibilidad en inventario', 1, '2026-04-22 19:07:25'),
(1118, 12, 'quiero comprar pero no se si quedan pares', 1, '2026-04-22 19:07:25'),
(1119, 12, 'cuantas casacas de este tipo te quedan', 1, '2026-04-22 19:07:25'),
(1120, 12, 'confirmame la existencia en su base de datos', 1, '2026-04-22 19:07:25'),
(1121, 12, 'les sobro stock de este modelo en m', 1, '2026-04-22 19:07:25'),
(1122, 12, 'todavia tienen de estas zapatillas', 1, '2026-04-22 19:07:25'),
(1123, 12, 'dime la disponibilidad en inventario', 1, '2026-04-22 19:07:25'),
(1124, 12, 'quiero comprar pero no se si quedan pares', 1, '2026-04-22 19:07:25'),
(1125, 12, 'cuantas casacas de este tipo te quedan', 1, '2026-04-22 19:07:25'),
(1126, 12, 'confirmame la existencia en su base de datos', 1, '2026-04-22 19:07:25'),
(1127, 12, 'les sobro stock de este modelo en m', 1, '2026-04-22 19:07:25'),
(1128, 12, 'todavia tienen de estas zapatillas', 1, '2026-04-22 19:07:25'),
(1129, 12, 'dime la disponibilidad en inventario', 1, '2026-04-22 19:07:25'),
(1130, 12, 'quiero comprar pero no se si quedan pares', 1, '2026-04-22 19:07:25'),
(1131, 12, 'cuantas casacas de este tipo te quedan', 1, '2026-04-22 19:07:25'),
(1132, 12, 'confirmame la existencia en su base de datos', 1, '2026-04-22 19:07:25'),
(1133, 12, 'les sobro stock de este modelo en m', 1, '2026-04-22 19:07:25'),
(1134, 12, 'todavia tienen de estas zapatillas', 1, '2026-04-22 19:07:25'),
(1135, 12, 'dime la disponibilidad en inventario', 1, '2026-04-22 19:07:25'),
(1136, 12, 'quiero comprar pero no se si quedan pares', 1, '2026-04-22 19:07:25'),
(1137, 12, 'cuantas casacas de este tipo te quedan', 1, '2026-04-22 19:07:25'),
(1138, 12, 'confirmame la existencia en su base de datos', 1, '2026-04-22 19:07:25'),
(1139, 12, 'les sobro stock de este modelo en m', 1, '2026-04-22 19:07:25'),
(1140, 12, 'todavia tienen de estas zapatillas', 1, '2026-04-22 19:07:25'),
(1141, 12, 'dime la disponibilidad en inventario', 1, '2026-04-22 19:07:25'),
(1142, 12, 'quiero comprar pero no se si quedan pares', 1, '2026-04-22 19:07:25'),
(1143, 12, 'cuantas casacas de este tipo te quedan', 1, '2026-04-22 19:07:25'),
(1144, 12, 'confirmame la existencia en su base de datos', 1, '2026-04-22 19:07:25'),
(1145, 12, 'les sobro stock de este modelo en m', 1, '2026-04-22 19:07:25'),
(1146, 13, 'quiero comprar en saga falabella', 1, '2026-04-22 19:07:25'),
(1147, 13, 'que eres', 1, '2026-04-22 19:07:25'),
(1148, 13, 'qwerty', 1, '2026-04-22 19:07:25'),
(1149, 13, 'qué puedes hacer exactamente', 1, '2026-04-22 19:07:25'),
(1150, 13, 'cual es la capital de sudafrica en este momento', 1, '2026-04-22 19:07:25'),
(1151, 13, 'cuanto es 2 mas 2', 1, '2026-04-22 19:07:25'),
(1152, 13, 'imbecil', 1, '2026-04-22 19:07:25'),
(1153, 13, 'Tienes cuenta de tiktok', 1, '2026-04-22 19:07:25'),
(1154, 13, 'puta', 1, '2026-04-22 19:07:25'),
(1155, 13, 'hablemos de otra cosa', 1, '2026-04-22 19:07:25'),
(1156, 13, 'politica', 1, '2026-04-22 19:07:25'),
(1157, 13, 'novia', 1, '2026-04-22 19:07:25'),
(1158, 13, 'dame tu numero', 1, '2026-04-22 19:07:25'),
(1159, 13, 'cuentame algo', 1, '2026-04-22 19:07:25'),
(1160, 13, 'qué hora es', 1, '2026-04-22 19:07:25'),
(1161, 13, 'resuelve', 1, '2026-04-22 19:07:25'),
(1162, 13, 'religion', 1, '2026-04-22 19:07:25'),
(1163, 13, 'me puedes dictar una dieta semanal sana para diabeticos', 1, '2026-04-22 19:07:25'),
(1164, 13, 'puedes cantar', 1, '2026-04-22 19:07:25'),
(1165, 13, 'uwu', 1, '2026-04-22 19:07:25'),
(1166, 13, 'asdasdasd', 1, '2026-04-22 19:07:25'),
(1167, 13, '!!!', 1, '2026-04-22 19:07:25'),
(1168, 13, 'sabes de algun taller mecanico', 1, '2026-04-22 19:07:25'),
(1169, 13, 'Como hago arroz con pollo', 1, '2026-04-22 19:07:25'),
(1170, 13, 'recomiendame un buen veterinario para mi gatito', 1, '2026-04-22 19:07:25'),
(1171, 13, 'futbol', 1, '2026-04-22 19:07:25'),
(1172, 13, 'quien gano el mundial', 1, '2026-04-22 19:07:25'),
(1173, 13, 'canta', 1, '2026-04-22 19:07:25'),
(1174, 13, 'que puedes hacer', 1, '2026-04-22 19:07:25'),
(1175, 13, 'hola chau bye', 1, '2026-04-22 19:07:25'),
(1176, 13, 'háblame de ti', 1, '2026-04-22 19:07:25'),
(1177, 13, 'Dime la cotizacion del dolar hoy', 1, '2026-04-22 19:07:25'),
(1178, 13, 'estoy perdido', 1, '2026-04-22 19:07:25'),
(1179, 13, 'qwertyuiop', 1, '2026-04-22 19:07:25'),
(1180, 13, 'Dime el clima en rusia', 1, '2026-04-22 19:07:25'),
(1181, 13, 'como reparo la pantalla del celular que se me cayo', 1, '2026-04-22 19:07:25'),
(1182, 13, 'dame un numero aleatorio', 1, '2026-04-22 19:07:25'),
(1183, 13, 'juguemos', 1, '2026-04-22 19:07:25'),
(1184, 13, 'operador', 1, '2026-04-22 19:07:25'),
(1185, 13, 'me puedes ayudar con tarea', 1, '2026-04-22 19:07:25'),
(1186, 13, 'Cual es tu comida favorita', 1, '2026-04-22 19:07:25'),
(1187, 13, 'ingles', 1, '2026-04-22 19:07:25'),
(1188, 13, 'dime que paso en la segunda guerra mundial', 1, '2026-04-22 19:07:25'),
(1189, 13, 'dime un dato curioso', 1, '2026-04-22 19:07:25'),
(1190, 13, 'amor', 1, '2026-04-22 19:07:25'),
(1191, 13, 'cual es la capital de francia', 1, '2026-04-22 19:07:25'),
(1192, 13, 'habla con humano', 1, '2026-04-22 19:07:25'),
(1193, 13, 'tienes musica para descargar gratis de internet', 1, '2026-04-22 19:07:25'),
(1194, 13, 'holaaaaaa', 1, '2026-04-22 19:07:25'),
(1195, 13, 'novio', 1, '2026-04-22 19:07:25'),
(1196, 13, 'Cuentame tu vida', 1, '2026-04-22 19:07:25'),
(1197, 13, 'poema', 1, '2026-04-22 19:07:25'),
(1198, 13, 'traducir', 1, '2026-04-22 19:07:25'),
(1199, 13, 'Por que el cielo es azul', 1, '2026-04-22 19:07:25'),
(1200, 13, 'ayudame a conquistar a mi vecina', 1, '2026-04-22 19:07:25'),
(1201, 13, 'dame una pizza', 1, '2026-04-22 19:07:25'),
(1202, 13, 'ola k ase', 1, '2026-04-22 19:07:25'),
(1203, 13, 'qué opinas de', 1, '2026-04-22 19:07:25'),
(1204, 13, 'hablemos de otra cosa ya', 1, '2026-04-22 19:07:25'),
(1205, 13, 'recomiendame musica para estudiar', 1, '2026-04-22 19:07:25'),
(1206, 13, 'tienen tiendas ripley', 1, '2026-04-22 19:07:25'),
(1207, 13, '123456789', 1, '2026-04-22 19:07:25'),
(1208, 13, 'como aprendo a tocar guitarra acustica en casa', 1, '2026-04-22 19:07:25'),
(1209, 13, 'chiste', 1, '2026-04-22 19:07:25'),
(1210, 13, 'traduce esto', 1, '2026-04-22 19:07:25'),
(1211, 13, 'como funciona esto', 1, '2026-04-22 19:07:25'),
(1212, 13, 'quien gano el campeonato de ajedrez mundial', 1, '2026-04-22 19:07:25'),
(1213, 13, 'busco un iphone', 1, '2026-04-22 19:07:25'),
(1214, 13, '0000', 1, '2026-04-22 19:07:25'),
(1215, 13, 'como actualizo el sistema operativo de mi laptop asus', 1, '2026-04-22 19:07:25'),
(1216, 13, 'eres inteligente', 1, '2026-04-22 19:07:25'),
(1217, 13, 'estás ahí', 1, '2026-04-22 19:07:25'),
(1218, 13, 'aburrido', 1, '2026-04-22 19:07:25'),
(1219, 13, 'tienes algun tip para dejar de fumar cigarrillos pronto', 1, '2026-04-22 19:07:25'),
(1220, 13, 'tienes sentimientos', 1, '2026-04-22 19:07:25'),
(1221, 13, 'que hora es', 1, '2026-04-22 19:07:25'),
(1222, 13, 'Dime un consejo de amor', 1, '2026-04-22 19:07:25'),
(1223, 13, 'dime a que hora empiezan los juegos olimpicos en tv', 1, '2026-04-22 19:07:25'),
(1224, 13, 'quiero hablar con persona', 1, '2026-04-22 19:07:25'),
(1225, 13, 'no entiendo nada', 1, '2026-04-22 19:07:25'),
(1226, 13, 'ayuda con mi tarea', 1, '2026-04-22 19:07:25'),
(1227, 13, 'ayuda por favor', 1, '2026-04-22 19:07:25'),
(1228, 13, 'sexo', 1, '2026-04-22 19:07:25'),
(1229, 13, 'de donde eres', 1, '2026-04-22 19:07:25'),
(1230, 13, 'qué significa', 1, '2026-04-22 19:07:25'),
(1231, 13, 'sigues funcionando', 1, '2026-04-22 19:07:25'),
(1232, 13, 'Que pelicula de netflix recomiendas', 1, '2026-04-22 19:07:25'),
(1233, 13, 'escribe un cuento de terror', 1, '2026-04-22 19:07:25'),
(1234, 13, 'quiero una hamburguesa', 1, '2026-04-22 19:07:25'),
(1235, 13, 'como te llamas', 1, '2026-04-22 19:07:25'),
(1236, 13, 'xd', 1, '2026-04-22 19:07:25'),
(1237, 13, 'asdasd', 1, '2026-04-22 19:07:25'),
(1238, 13, 'sabes que colectivo tomar para ir a miraflores', 1, '2026-04-22 19:07:25'),
(1239, 13, 'resuelve esta ecuacion', 1, '2026-04-22 19:07:25'),
(1240, 13, 'noticias', 1, '2026-04-22 19:07:25'),
(1241, 13, 'escribe poema', 1, '2026-04-22 19:07:25'),
(1242, 13, 'escribe un poema bonito de amor y amistad', 1, '2026-04-22 19:07:25'),
(1243, 13, 'venden televisores', 1, '2026-04-22 19:07:25'),
(1244, 13, 'sabes a cuanto esta el pasaje para viajar de chiclayo a lima', 1, '2026-04-22 19:07:25'),
(1245, 13, 'hazme reir', 1, '2026-04-22 19:07:25'),
(1246, 13, 'idiota', 1, '2026-04-22 19:07:25'),
(1247, 13, 'sabes quien es cr7', 1, '2026-04-22 19:07:25'),
(1248, 13, 'jajajaja', 1, '2026-04-22 19:07:25'),
(1249, 13, 'soporte humano', 1, '2026-04-22 19:07:25'),
(1250, 13, 'haces tareas de matematicas', 1, '2026-04-22 19:07:25'),
(1251, 13, 'como preparo una torta helada de limon sin horno ni microondas', 1, '2026-04-22 19:07:25'),
(1252, 13, 'quien escribio cien años de soledad de garcia marquez', 1, '2026-04-22 19:07:25'),
(1253, 13, 'Me puedes hackear el facebook', 1, '2026-04-22 19:07:25'),
(1254, 13, 'traduce', 1, '2026-04-22 19:07:25'),
(1255, 13, 'asdfghjkl', 1, '2026-04-22 19:07:25'),
(1256, 13, 'venden celulares', 1, '2026-04-22 19:07:25'),
(1257, 13, 'como esta el clima', 1, '2026-04-22 19:07:25'),
(1258, 13, 'xdd', 1, '2026-04-22 19:07:25'),
(1259, 13, 'matematicas', 1, '2026-04-22 19:07:25'),
(1260, 13, 'donde puedo descargar el juego de fifa pirata gratis', 1, '2026-04-22 19:07:25'),
(1261, 13, 'dios', 1, '2026-04-22 19:07:25'),
(1262, 13, 'que me recomiendas', 1, '2026-04-22 19:07:25'),
(1263, 13, 'me enseñas a programar en python', 1, '2026-04-22 19:07:25'),
(1264, 13, 'carajo', 1, '2026-04-22 19:07:25'),
(1265, 13, 'qué eres', 1, '2026-04-22 19:07:25'),
(1266, 13, 'por que las rosas son rojas', 1, '2026-04-22 19:07:25'),
(1267, 13, 'f', 1, '2026-04-22 19:07:25'),
(1268, 13, 'quiero abrir una cuenta de banco donde lo hago', 1, '2026-04-22 19:07:25'),
(1269, 13, 'me puedes enseñar ingles avanzado o matematicas', 1, '2026-04-22 19:07:25'),
(1270, 13, 'quién eres tú', 1, '2026-04-22 19:07:25'),
(1271, 13, 'estupido', 1, '2026-04-22 19:07:25'),
(1272, 13, 'Quien gano la copa libertadores', 1, '2026-04-22 19:07:25'),
(1273, 13, 'zxczxczxczxc', 1, '2026-04-22 19:07:25'),
(1274, 13, 'quiero ver documentales sobre animales de la sabana', 1, '2026-04-22 19:07:25'),
(1275, 13, 'Sabes hacer divisiones', 1, '2026-04-22 19:07:25'),
(1276, 13, 'no se que buscar', 1, '2026-04-22 19:07:25'),
(1277, 13, 'dime la hora', 1, '2026-04-22 19:07:25'),
(1278, 13, 'Puedes darme mi horoscopo', 1, '2026-04-22 19:07:25'),
(1279, 13, 'mierda', 1, '2026-04-22 19:07:25'),
(1280, 13, 'como hacer un ensayo', 1, '2026-04-22 19:07:25'),
(1281, 13, 'dime el numero ganador de la loteria o de la tinka en peru', 1, '2026-04-22 19:07:25'),
(1282, 13, '123123', 1, '2026-04-22 19:07:25'),
(1283, 13, 'como programar en python', 1, '2026-04-22 19:07:25'),
(1284, 13, 'puedo sacar un prestamo aqui', 1, '2026-04-22 19:07:25'),
(1285, 13, 'Traduce casa a ingles', 1, '2026-04-22 19:07:25'),
(1286, 13, 'xyzxyz', 1, '2026-04-22 19:07:25'),
(1287, 13, 'cuéntame algo interesante', 1, '2026-04-22 19:07:25'),
(1288, 13, 'busca en google', 1, '2026-04-22 19:07:25'),
(1289, 13, 'nada', 1, '2026-04-22 19:07:25'),
(1290, 13, 'eres una persona', 1, '2026-04-22 19:07:25'),
(1291, 13, 'clima', 1, '2026-04-22 19:07:25'),
(1292, 13, 'cuentame un chiste', 1, '2026-04-22 19:07:25'),
(1293, 13, '???', 1, '2026-04-22 19:07:25'),
(1294, 13, 'eres humano', 1, '2026-04-22 19:07:25'),
(1295, 13, 'venden comida para perros', 1, '2026-04-22 19:07:25'),
(1296, 13, 'cual es la receta para ceviche', 1, '2026-04-22 19:07:25'),
(1297, 13, 'eres robot', 1, '2026-04-22 19:07:25'),
(1298, 13, 'explícame', 1, '2026-04-22 19:07:25'),
(1299, 13, 'quien es el presidente', 1, '2026-04-22 19:07:25'),
(1300, 13, 'cuéntame un chiste', 1, '2026-04-22 19:07:25'),
(1301, 13, 'que opinas de la inteligencia artificial', 1, '2026-04-22 19:07:25'),
(1302, 13, 'el pan es bueno para la salud?', 1, '2026-04-22 19:07:25'),
(1303, 13, 'eres una porqueria', 1, '2026-04-22 19:07:25'),
(1304, 13, 'aslkfasjlkfsdf', 1, '2026-04-22 19:07:25'),
(1305, 14, 'horario', 1, '2026-04-22 19:07:25'),
(1306, 14, 'horarios', 1, '2026-04-22 19:07:25'),
(1307, 14, 'a que hora abren', 1, '2026-04-22 19:07:25'),
(1308, 14, 'hasta que hora', 1, '2026-04-22 19:07:25'),
(1309, 14, 'atienden', 1, '2026-04-22 19:07:25'),
(1310, 14, 'a que hora cierran', 1, '2026-04-22 19:07:25'),
(1311, 14, 'abren los domingos', 1, '2026-04-22 19:07:25'),
(1312, 14, 'horario de atencion', 1, '2026-04-22 19:07:25'),
(1313, 14, 'donde estan', 1, '2026-04-22 19:07:25'),
(1314, 14, 'dónde están', 1, '2026-04-22 19:07:25'),
(1315, 14, 'ubicacion', 1, '2026-04-22 19:07:25'),
(1316, 14, 'ubicación', 1, '2026-04-22 19:07:25'),
(1317, 14, 'direccion', 1, '2026-04-22 19:07:25'),
(1318, 14, 'dirección', 1, '2026-04-22 19:07:25'),
(1319, 14, 'tienda fisica', 1, '2026-04-22 19:07:25'),
(1320, 14, 'local', 1, '2026-04-22 19:07:25'),
(1321, 14, 'sucursal chiclayo', 1, '2026-04-22 19:07:25'),
(1322, 14, 'donde los ubico', 1, '2026-04-22 19:07:25'),
(1323, 14, 'envio', 1, '2026-04-22 19:07:25'),
(1324, 14, 'envío', 1, '2026-04-22 19:07:25'),
(1325, 14, 'delivery', 1, '2026-04-22 19:07:25'),
(1326, 14, 'hacen envios', 1, '2026-04-22 19:07:25'),
(1327, 14, 'costo envio', 1, '2026-04-22 19:07:25'),
(1328, 14, 'envio gratis', 1, '2026-04-22 19:07:25'),
(1329, 14, 'hacen envio a domicilio', 1, '2026-04-22 19:07:25'),
(1330, 14, 'tiempo entrega', 1, '2026-04-22 19:07:25'),
(1331, 14, 'cuanto demora', 1, '2026-04-22 19:07:25'),
(1332, 14, 'en cuanto tiempo llega', 1, '2026-04-22 19:07:25'),
(1333, 14, 'envian a provincias', 1, '2026-04-22 19:07:25'),
(1334, 14, 'envian a lima', 1, '2026-04-22 19:07:25'),
(1335, 14, 'hacen delivery a todo peru', 1, '2026-04-22 19:07:25'),
(1336, 14, 'atienden feriados', 1, '2026-04-22 19:07:25'),
(1337, 14, 'atienden domingo', 1, '2026-04-22 19:07:25'),
(1338, 14, 'metodos de pago', 1, '2026-04-22 19:07:25'),
(1339, 14, 'métodos de pago', 1, '2026-04-22 19:07:25'),
(1340, 14, 'como pago', 1, '2026-04-22 19:07:25'),
(1341, 14, 'que medios de pago tienen', 1, '2026-04-22 19:07:25'),
(1342, 14, 'aceptan tarjeta', 1, '2026-04-22 19:07:25'),
(1343, 14, 'aceptan yape', 1, '2026-04-22 19:07:25'),
(1344, 14, 'aceptan plin', 1, '2026-04-22 19:07:25'),
(1345, 14, 'pago contraentrega', 1, '2026-04-22 19:07:25'),
(1346, 14, 'contra entrega', 1, '2026-04-22 19:07:25'),
(1347, 14, 'aceptan visa', 1, '2026-04-22 19:07:25'),
(1348, 14, 'aceptan mastercard', 1, '2026-04-22 19:07:25'),
(1349, 14, 'pago en efectivo', 1, '2026-04-22 19:07:25'),
(1350, 14, 'factura', 1, '2026-04-22 19:07:25'),
(1351, 14, 'boleta', 1, '2026-04-22 19:07:25'),
(1352, 14, 'comprobante', 1, '2026-04-22 19:07:25'),
(1353, 14, 'dan factura', 1, '2026-04-22 19:07:25'),
(1354, 14, 'factura electronica', 1, '2026-04-22 19:07:25'),
(1355, 14, 'garantia tienda', 1, '2026-04-22 19:07:25'),
(1356, 14, 'cambios y devoluciones', 1, '2026-04-22 19:07:25'),
(1357, 14, 'politica de cambios', 1, '2026-04-22 19:07:25'),
(1358, 14, 'puedo devolver', 1, '2026-04-22 19:07:25'),
(1359, 14, 'donde queda la tienda', 1, '2026-04-22 19:07:25'),
(1360, 14, 'cual es la direccion exacta', 1, '2026-04-22 19:07:25'),
(1361, 14, 'Aceptan paypal o cripto', 1, '2026-04-22 19:07:25'),
(1362, 14, 'Dan factura con RUC 20', 1, '2026-04-22 19:07:25'),
(1363, 14, 'Donde es su almacen principal', 1, '2026-04-22 19:07:25'),
(1364, 14, 'Hacen envios internacionales', 1, '2026-04-22 19:07:25'),
(1365, 14, 'Tienen tienda en Piura o Trujillo', 1, '2026-04-22 19:07:25'),
(1366, 14, 'Hasta que hora esta el soporte en linea', 1, '2026-04-22 19:07:25'),
(1367, 14, 'Abren los dias feriados', 1, '2026-04-22 19:07:25'),
(1368, 14, 'Cuanto es el costo de envio a Lima', 1, '2026-04-22 19:07:25'),
(1369, 14, 'Cuanto se demora para Tacna', 1, '2026-04-22 19:07:25'),
(1370, 14, 'Hay devolucion si no me queda', 1, '2026-04-22 19:07:25'),
(1371, 14, 'Es pago adelantado o contraentrega', 1, '2026-04-22 19:07:25'),
(1372, 14, 'Puedo recogerlo en el local', 1, '2026-04-22 19:07:25'),
(1373, 14, 'Puedo pagar con transferencia BCP', 1, '2026-04-22 19:07:25'),
(1374, 14, 'Tienen punto de venta fisico', 1, '2026-04-22 19:07:25'),
(1375, 14, 'tienen locales en lima?', 1, '2026-04-22 19:07:25'),
(1376, 14, 'cual es la direccion de la sucursal', 1, '2026-04-22 19:07:25'),
(1377, 14, 'quiero saber si hacen deliverys', 1, '2026-04-22 19:07:25'),
(1378, 14, 'a que numero llamo si tengo problemas', 1, '2026-04-22 19:07:25'),
(1379, 14, 'que medios de pago estan disponibles', 1, '2026-04-22 19:07:25'),
(1380, 14, 'trabajan con mercadopago?', 1, '2026-04-22 19:07:25'),
(1381, 14, 'envios a nivel nacional costo', 1, '2026-04-22 19:07:25'),
(1382, 14, 'horarios de atencion para navidad', 1, '2026-04-22 19:07:25'),
(1383, 14, 'es seguro pagar con tarjeta aqui', 1, '2026-04-22 19:07:25'),
(1384, 14, 'donde esta ubicada la tienda central en la ciudad de chiclayo', 1, '2026-04-22 19:07:25'),
(1385, 14, 'trabajan todos los dias o descansan los domingos y feriados nacionales', 1, '2026-04-22 19:07:25'),
(1386, 14, 'cual es el tarifario de envios para lima y trujillo', 1, '2026-04-22 19:07:25'),
(1387, 14, 'aceptan pagos contraentrega en efectivo a las afueras de la urbe', 1, '2026-04-22 19:07:25'),
(1388, 14, 'emiten facturas corporativas para empresas con ruc 20 o solo boleta simple', 1, '2026-04-22 19:07:25'),
(1389, 14, 'me das las politicas detalladas sobre cambios de talla o devoluciones de productos', 1, '2026-04-22 19:07:25'),
(1390, 14, 'cuales son las agencias de encomienda que usan para despachar mercaderia', 1, '2026-04-22 19:07:25'),
(1391, 14, 'puedo recoger mi compra en el local para ahorrarme el costo del courier', 1, '2026-04-22 19:07:25'),
(1392, 14, 'hay un whatsapp exclusivo para soporte o problemas con las transacciones', 1, '2026-04-22 19:07:25'),
(1393, 14, 'es cien por ciento seguro meter mi tarjeta visa en su plataforma de pago', 1, '2026-04-22 19:07:25'),
(1394, 14, 'donde esta ubicada la tienda central en la ciudad de chiclayo', 1, '2026-04-22 19:07:25'),
(1395, 14, 'trabajan todos los dias o descansan los domingos y feriados nacionales', 1, '2026-04-22 19:07:25'),
(1396, 14, 'cual es el tarifario de envios para lima y trujillo', 1, '2026-04-22 19:07:25'),
(1397, 14, 'aceptan pagos contraentrega en efectivo a las afueras de la urbe', 1, '2026-04-22 19:07:25'),
(1398, 14, 'emiten facturas corporativas para empresas con ruc 20 o solo boleta simple', 1, '2026-04-22 19:07:25'),
(1399, 14, 'me das las politicas detalladas sobre cambios de talla o devoluciones de productos', 1, '2026-04-22 19:07:25'),
(1400, 14, 'cuales son las agencias de encomienda que usan para despachar mercaderia', 1, '2026-04-22 19:07:25'),
(1401, 14, 'puedo recoger mi compra en el local para ahorrarme el costo del courier', 1, '2026-04-22 19:07:25'),
(1402, 14, 'hay un whatsapp exclusivo para soporte o problemas con las transacciones', 1, '2026-04-22 19:07:25'),
(1403, 14, 'es cien por ciento seguro meter mi tarjeta visa en su plataforma de pago', 1, '2026-04-22 19:07:25'),
(1404, 14, 'donde esta ubicada la tienda central en la ciudad de chiclayo', 1, '2026-04-22 19:07:25'),
(1405, 14, 'trabajan todos los dias o descansan los domingos y feriados nacionales', 1, '2026-04-22 19:07:25'),
(1406, 14, 'cual es el tarifario de envios para lima y trujillo', 1, '2026-04-22 19:07:25'),
(1407, 14, 'aceptan pagos contraentrega en efectivo a las afueras de la urbe', 1, '2026-04-22 19:07:25'),
(1408, 14, 'emiten facturas corporativas para empresas con ruc 20 o solo boleta simple', 1, '2026-04-22 19:07:25'),
(1409, 14, 'me das las politicas detalladas sobre cambios de talla o devoluciones de productos', 1, '2026-04-22 19:07:25'),
(1410, 14, 'cuales son las agencias de encomienda que usan para despachar mercaderia', 1, '2026-04-22 19:07:25'),
(1411, 14, 'puedo recoger mi compra en el local para ahorrarme el costo del courier', 1, '2026-04-22 19:07:25'),
(1412, 14, 'hay un whatsapp exclusivo para soporte o problemas con las transacciones', 1, '2026-04-22 19:07:25'),
(1413, 14, 'es cien por ciento seguro meter mi tarjeta visa en su plataforma de pago', 1, '2026-04-22 19:07:25'),
(1414, 14, 'donde esta ubicada la tienda central en la ciudad de chiclayo', 1, '2026-04-22 19:07:25'),
(1415, 14, 'trabajan todos los dias o descansan los domingos y feriados nacionales', 1, '2026-04-22 19:07:25'),
(1416, 14, 'cual es el tarifario de envios para lima y trujillo', 1, '2026-04-22 19:07:25'),
(1417, 14, 'aceptan pagos contraentrega en efectivo a las afueras de la urbe', 1, '2026-04-22 19:07:25'),
(1418, 14, 'emiten facturas corporativas para empresas con ruc 20 o solo boleta simple', 1, '2026-04-22 19:07:25'),
(1419, 14, 'me das las politicas detalladas sobre cambios de talla o devoluciones de productos', 1, '2026-04-22 19:07:25'),
(1420, 14, 'cuales son las agencias de encomienda que usan para despachar mercaderia', 1, '2026-04-22 19:07:25'),
(1421, 14, 'puedo recoger mi compra en el local para ahorrarme el costo del courier', 1, '2026-04-22 19:07:25'),
(1422, 14, 'hay un whatsapp exclusivo para soporte o problemas con las transacciones', 1, '2026-04-22 19:07:25'),
(1423, 14, 'es cien por ciento seguro meter mi tarjeta visa en su plataforma de pago', 1, '2026-04-22 19:07:25'),
(1424, 14, 'donde esta ubicada la tienda central en la ciudad de chiclayo', 1, '2026-04-22 19:07:25'),
(1425, 14, 'trabajan todos los dias o descansan los domingos y feriados nacionales', 1, '2026-04-22 19:07:25'),
(1426, 14, 'cual es el tarifario de envios para lima y trujillo', 1, '2026-04-22 19:07:25'),
(1427, 14, 'aceptan pagos contraentrega en efectivo a las afueras de la urbe', 1, '2026-04-22 19:07:25'),
(1428, 14, 'emiten facturas corporativas para empresas con ruc 20 o solo boleta simple', 1, '2026-04-22 19:07:25'),
(1429, 14, 'me das las politicas detalladas sobre cambios de talla o devoluciones de productos', 1, '2026-04-22 19:07:25');
INSERT INTO `patrones` (`id`, `intencion_id`, `texto`, `activo`, `creado_en`) VALUES
(1430, 14, 'cuales son las agencias de encomienda que usan para despachar mercaderia', 1, '2026-04-22 19:07:25'),
(1431, 14, 'puedo recoger mi compra en el local para ahorrarme el costo del courier', 1, '2026-04-22 19:07:25'),
(1432, 14, 'hay un whatsapp exclusivo para soporte o problemas con las transacciones', 1, '2026-04-22 19:07:25'),
(1433, 14, 'es cien por ciento seguro meter mi tarjeta visa en su plataforma de pago', 1, '2026-04-22 19:07:25'),
(1434, 14, 'donde me descargo mi comprobante de pago con igv', 1, '2026-04-22 19:07:25'),
(1435, 14, 'tienen servicio tecnico para ropa fallada', 1, '2026-04-22 19:07:25'),
(1436, 14, 'queria saber el horario de oficina de atencion', 1, '2026-04-22 19:07:25'),
(1437, 14, 'como rastreo mi paquete cuando ya pague', 1, '2026-04-22 19:07:25'),
(1438, 14, 'donde me descargo mi comprobante de pago con igv', 1, '2026-04-22 19:07:25'),
(1439, 14, 'tienen servicio tecnico para ropa fallada', 1, '2026-04-22 19:07:25'),
(1440, 14, 'queria saber el horario de oficina de atencion', 1, '2026-04-22 19:07:25'),
(1441, 14, 'como rastreo mi paquete cuando ya pague', 1, '2026-04-22 19:07:25'),
(1442, 14, 'donde me descargo mi comprobante de pago con igv', 1, '2026-04-22 19:07:25'),
(1443, 14, 'tienen servicio tecnico para ropa fallada', 1, '2026-04-22 19:07:25'),
(1444, 14, 'queria saber el horario de oficina de atencion', 1, '2026-04-22 19:07:25'),
(1445, 14, 'como rastreo mi paquete cuando ya pague', 1, '2026-04-22 19:07:25'),
(1446, 14, 'donde me descargo mi comprobante de pago con igv', 1, '2026-04-22 19:07:25'),
(1447, 14, 'tienen servicio tecnico para ropa fallada', 1, '2026-04-22 19:07:25'),
(1448, 14, 'queria saber el horario de oficina de atencion', 1, '2026-04-22 19:07:25'),
(1449, 14, 'como rastreo mi paquete cuando ya pague', 1, '2026-04-22 19:07:25'),
(1450, 14, 'donde me descargo mi comprobante de pago con igv', 1, '2026-04-22 19:07:25'),
(1451, 14, 'tienen servicio tecnico para ropa fallada', 1, '2026-04-22 19:07:25'),
(1452, 14, 'queria saber el horario de oficina de atencion', 1, '2026-04-22 19:07:25'),
(1453, 14, 'como rastreo mi paquete cuando ya pague', 1, '2026-04-22 19:07:25'),
(1454, 14, 'donde me descargo mi comprobante de pago con igv', 1, '2026-04-22 19:07:25'),
(1455, 14, 'tienen servicio tecnico para ropa fallada', 1, '2026-04-22 19:07:25'),
(1456, 14, 'queria saber el horario de oficina de atencion', 1, '2026-04-22 19:07:25'),
(1457, 14, 'como rastreo mi paquete cuando ya pague', 1, '2026-04-22 19:07:25'),
(1458, 14, 'donde me descargo mi comprobante de pago con igv', 1, '2026-04-22 19:07:25'),
(1459, 14, 'tienen servicio tecnico para ropa fallada', 1, '2026-04-22 19:07:25'),
(1460, 14, 'queria saber el horario de oficina de atencion', 1, '2026-04-22 19:07:25'),
(1461, 14, 'como rastreo mi paquete cuando ya pague', 1, '2026-04-22 19:07:25'),
(1462, 14, 'donde me descargo mi comprobante de pago con igv', 1, '2026-04-22 19:07:25'),
(1463, 14, 'tienen servicio tecnico para ropa fallada', 1, '2026-04-22 19:07:25'),
(1464, 14, 'queria saber el horario de oficina de atencion', 1, '2026-04-22 19:07:25'),
(1465, 14, 'como rastreo mi paquete cuando ya pague', 1, '2026-04-22 19:07:25'),
(1466, 14, 'como es el envio', 1, '2026-04-22 19:07:25'),
(1467, 14, 'informacion sobre envios', 1, '2026-04-22 19:07:25'),
(1468, 14, 'delivery', 1, '2026-04-22 19:07:25'),
(1469, 14, 'costo de envio', 1, '2026-04-22 19:07:25');

-- --------------------------------------------------------

--
-- Estructura de tabla para la tabla `productos`
--

CREATE TABLE `productos` (
  `id` smallint(5) UNSIGNED NOT NULL,
  `nombre` varchar(255) NOT NULL,
  `precio` decimal(10,2) NOT NULL DEFAULT 0.00,
  `categoria_id` tinyint(3) UNSIGNED NOT NULL,
  `genero` enum('Hombre','Mujer','Unisex','Niño','Niña') DEFAULT NULL,
  `color` varchar(50) DEFAULT NULL,
  `stock` smallint(5) UNSIGNED NOT NULL DEFAULT 0,
  `rating` decimal(3,1) DEFAULT NULL,
  `descripcion` text DEFAULT NULL,
  `imagen_url` varchar(500) DEFAULT NULL,
  `activo` tinyint(1) NOT NULL DEFAULT 1,
  `creado_en` timestamp NOT NULL DEFAULT current_timestamp()
) ENGINE=InnoDB DEFAULT CHARSET=utf8mb4 COLLATE=utf8mb4_unicode_ci;

--
-- Volcado de datos para la tabla `productos`
--

INSERT INTO `productos` (`id`, `nombre`, `precio`, `categoria_id`, `genero`, `color`, `stock`, `rating`, `descripcion`, `imagen_url`, `activo`, `creado_en`) VALUES
(1, 'Zapatillas Outdoor Para Mujer I-RUN RUGGEDX P20 348F7', 131.66, 1, 'Mujer', 'Negro', 56, 4.7, 'Traccion superior en cualquier superficie para un control total.', 'https://irun.pe/wp-content/uploads/2026/03/348F7-web-0-irun-tienda-online-deporte-las-mejores-zapatillas-accesorios-deportivos-hombre-mujer-ninos-futbol-deporte-promocion-peru-compra-ahora.jpg', 1, '2026-04-22 19:07:24'),
(2, 'Zapatillas Outdoor Para Mujer I-RUN RUGGEDX P20 348F6', 183.70, 1, 'Mujer', 'Blanco', 17, 4.2, 'Malla transpirable con soporte lateral reforzado.', 'https://irun.pe/wp-content/uploads/2026/03/348F6-web-0-irun-tienda-online-deporte-las-mejores-zapatillas-accesorios-deportivos-hombre-mujer-ninos-futbol-deporte-promocion-peru-compra-ahora.jpg', 1, '2026-04-22 19:07:24'),
(3, 'Zapatillas Urbanas para Mujer I-Run NIMBUS 2000 474F7', 63.76, 1, 'Mujer', 'Azul', 12, 4.4, 'Traccion superior en cualquier superficie para un control total.', 'https://irun.pe/wp-content/uploads/2026/03/474F7-web-0-irun-tienda-online-deporte-las-mejores-zapatillas-accesorios-deportivos-hombre-mujer-ninos-futbol-deporte-promocion-peru-compra-ahora.jpg', 1, '2026-04-22 19:07:24'),
(4, 'Zapatillas Urbanas para Mujer I-Run NIMBUS 2000 474F6', 171.03, 1, 'Mujer', 'Azul', 15, 4.4, 'Amortiguacion reactiva para maximo rendimiento en cada zancada.', 'https://irun.pe/wp-content/uploads/2026/03/474F6-web-0-irun-tienda-online-deporte-las-mejores-zapatillas-accesorios-deportivos-hombre-mujer-ninos-futbol-deporte-promocion-peru-compra-ahora.jpg', 1, '2026-04-22 19:07:24'),
(5, 'Zapatillas Urbanas para Mujer I-Run NIMBUS 2000 474F5', 69.97, 1, 'Mujer', 'Negro', 30, 4.9, 'Tecnologia de absorcion de impacto para proteger tus articulaciones.', 'https://irun.pe/wp-content/uploads/2026/03/474F5-web-0-irun-tienda-online-deporte-las-mejores-zapatillas-accesorios-deportivos-hombre-mujer-ninos-futbol-deporte-promocion-peru-compra-ahora.jpg', 1, '2026-04-22 19:07:24'),
(6, 'Zapatillas Outdoor Para Mujer I-RUN RUGGEDX P20 348F7 (2)', 169.12, 1, 'Mujer', 'Negro', 29, 4.6, 'Traccion superior en cualquier superficie para un control total.', 'https://irun.pe/wp-content/uploads/2026/03/348F7-web-0-irun-tienda-online-deporte-las-mejores-zapatillas-accesorios-deportivos-hombre-mujer-ninos-futbol-deporte-promocion-peru-compra-ahora.jpg', 1, '2026-04-22 19:07:24'),
(7, 'Zapatillas Outdoor Para Mujer I-RUN RUGGEDX P20 348F6 (2)', 125.96, 1, 'Mujer', 'Negro', 16, 4.1, 'Traccion superior en cualquier superficie para un control total.', 'https://irun.pe/wp-content/uploads/2026/03/348F6-web-0-irun-tienda-online-deporte-las-mejores-zapatillas-accesorios-deportivos-hombre-mujer-ninos-futbol-deporte-promocion-peru-compra-ahora.jpg', 1, '2026-04-22 19:07:24'),
(8, 'Zapatillas Urbanas para Mujer I-Run NIMBUS 2000 474F7 (2)', 145.38, 1, 'Mujer', 'Negro', 55, 4.1, 'Amortiguacion reactiva para maximo rendimiento en cada zancada.', 'https://irun.pe/wp-content/uploads/2026/03/474F7-web-0-irun-tienda-online-deporte-las-mejores-zapatillas-accesorios-deportivos-hombre-mujer-ninos-futbol-deporte-promocion-peru-compra-ahora.jpg', 1, '2026-04-22 19:07:24'),
(9, 'Zapatillas Urbanas para Mujer I-Run NIMBUS 2000 474F6 (2)', 70.26, 1, 'Mujer', 'Negro', 18, 4.9, 'Tecnologia de absorcion de impacto para proteger tus articulaciones.', 'https://irun.pe/wp-content/uploads/2026/03/474F6-web-0-irun-tienda-online-deporte-las-mejores-zapatillas-accesorios-deportivos-hombre-mujer-ninos-futbol-deporte-promocion-peru-compra-ahora.jpg', 1, '2026-04-22 19:07:24'),
(10, 'Zapatillas Urbanas para Mujer I-Run NIMBUS 2000 474F5 (2)', 96.59, 1, 'Mujer', 'Negro', 28, 4.3, 'Traccion superior en cualquier superficie para un control total.', 'https://irun.pe/wp-content/uploads/2026/03/474F5-web-0-irun-tienda-online-deporte-las-mejores-zapatillas-accesorios-deportivos-hombre-mujer-ninos-futbol-deporte-promocion-peru-compra-ahora.jpg', 1, '2026-04-22 19:07:24'),
(11, 'Zapatillas Urbanas para Mujer I-Run NIMBUS 2000 474F7 (3)', 139.81, 1, 'Mujer', 'Azul', 50, 4.8, 'Tecnologia de absorcion de impacto para proteger tus articulaciones.', 'https://irun.pe/wp-content/uploads/2026/03/474F7-web-0-irun-tienda-online-deporte-las-mejores-zapatillas-accesorios-deportivos-hombre-mujer-ninos-futbol-deporte-promocion-peru-compra-ahora.jpg', 1, '2026-04-22 19:07:24'),
(12, 'Zapatillas Urbanas para Mujer I-Run NIMBUS 2000 474F6 (3)', 115.96, 1, 'Mujer', 'Negro', 40, 4.1, 'Traccion superior en cualquier superficie para un control total.', 'https://irun.pe/wp-content/uploads/2026/03/474F6-web-0-irun-tienda-online-deporte-las-mejores-zapatillas-accesorios-deportivos-hombre-mujer-ninos-futbol-deporte-promocion-peru-compra-ahora.jpg', 1, '2026-04-22 19:07:24'),
(13, 'Zapatillas Urbanas para Mujer I-Run NIMBUS 2000 474F5 (3)', 159.47, 1, 'Mujer', 'Negro', 49, 5.0, 'Malla transpirable con soporte lateral reforzado.', 'https://irun.pe/wp-content/uploads/2026/03/474F5-web-0-irun-tienda-online-deporte-las-mejores-zapatillas-accesorios-deportivos-hombre-mujer-ninos-futbol-deporte-promocion-peru-compra-ahora.jpg', 1, '2026-04-22 19:07:24'),
(14, 'Zapatillas Urbanas para Mujer I-Run GRIMAULD 291F8', 72.35, 1, 'Mujer', 'Blanco', 9, 3.9, 'Diseno aerodinamico con suela de respuesta rapida.', 'https://irun.pe/wp-content/uploads/2026/03/291F8-web-0-irun-tienda-online-deporte-las-mejores-zapatillas-accesorios-deportivos-hombre-mujer-ninos-futbol-deporte-promocion-peru-compra-ahora.jpg', 1, '2026-04-22 19:07:24'),
(15, 'Zapatillas Urbanas para Mujer I-Run GRIMAULD 291F6', 145.08, 1, 'Mujer', 'Negro', 6, 5.0, 'Tecnologia de absorcion de impacto para proteger tus articulaciones.', 'https://irun.pe/wp-content/uploads/2026/03/291F6-web-0-irun-tienda-online-deporte-las-mejores-zapatillas-accesorios-deportivos-hombre-mujer-ninos-futbol-deporte-promocion-peru-compra-ahora.jpg', 1, '2026-04-22 19:07:24'),
(16, 'Zapatillas Outdoor Para Mujer I-RUN RUGGEDX P20 348F7 (3)', 63.90, 1, 'Mujer', 'Negro', 40, 3.9, 'Amortiguacion reactiva para maximo rendimiento en cada zancada.', 'https://irun.pe/wp-content/uploads/2026/03/348F7-web-0-irun-tienda-online-deporte-las-mejores-zapatillas-accesorios-deportivos-hombre-mujer-ninos-futbol-deporte-promocion-peru-compra-ahora.jpg', 1, '2026-04-22 19:07:24'),
(17, 'Zapatillas Outdoor Para Mujer I-RUN RUGGEDX P20 348F6 (3)', 152.16, 1, 'Mujer', 'Blanco', 67, 4.7, 'Traccion superior en cualquier superficie para un control total.', 'https://irun.pe/wp-content/uploads/2026/03/348F6-web-0-irun-tienda-online-deporte-las-mejores-zapatillas-accesorios-deportivos-hombre-mujer-ninos-futbol-deporte-promocion-peru-compra-ahora.jpg', 1, '2026-04-22 19:07:24'),
(18, 'Zapatillas Outdoor Para Mujer I-RUN MYTHTRAIL 410F9', 169.44, 1, 'Mujer', 'Blanco', 9, 4.8, 'Tecnologia de absorcion de impacto para proteger tus articulaciones.', 'https://irun.pe/wp-content/uploads/2026/03/410F9-web-0-irun-tienda-online-deporte-las-mejores-zapatillas-accesorios-deportivos-hombre-mujer-ninos-futbol-deporte-promocion-peru-compra-ahora.jpg', 1, '2026-04-22 19:07:24'),
(19, 'Zapatillas Outdoor Para Mujer I-RUN MYTHTRAIL 410F8', 124.91, 1, 'Mujer', 'Blanco', 31, 4.5, 'Traccion superior en cualquier superficie para un control total.', 'https://irun.pe/wp-content/uploads/2026/03/410F8-web-0-irun-tienda-online-deporte-las-mejores-zapatillas-accesorios-deportivos-hombre-mujer-ninos-futbol-deporte-promocion-peru-compra-ahora.jpg', 1, '2026-04-22 19:07:24'),
(20, 'Zapatillas Outdoor Para Mujer I-Run I-RUN CHESTNUT 316F9', 103.40, 1, 'Mujer', 'Negro', 53, 4.7, 'Tecnologia de absorcion de impacto para proteger tus articulaciones.', 'https://irun.pe/wp-content/uploads/2026/03/316F9-web-0-irun-tienda-online-deporte-las-mejores-zapatillas-accesorios-deportivos-hombre-mujer-ninos-futbol-deporte-promocion-peru-compra-ahora.jpg', 1, '2026-04-22 19:07:24'),
(21, 'Zapatillas Running Para Mujer I-Run RUNBBOST 288F8', 74.76, 1, 'Mujer', 'Negro', 78, 4.1, 'Tecnologia de absorcion de impacto para proteger tus articulaciones.', 'https://irun.pe/wp-content/uploads/2026/03/288F8-web-1-irun-tienda-online-deporte-las-mejores-zapatillas-accesorios-deportivos-hombre-mujer-ninos-futbol-deporte-promocion-peru-compra-ahora.jpg', 1, '2026-04-22 19:07:24'),
(22, 'Zapatillas Running Para Mujer I-Run RUNBBOST 288F6', 162.97, 1, 'Mujer', 'Negro', 42, 4.7, 'Traccion superior en cualquier superficie para un control total.', 'https://irun.pe/wp-content/uploads/2026/03/288F6-web-0-irun-tienda-online-deporte-las-mejores-zapatillas-accesorios-deportivos-hombre-mujer-ninos-futbol-deporte-promocion-peru-compra-ahora.jpg', 1, '2026-04-22 19:07:24'),
(23, 'Zapatillas Running Para Mujer I-Run GRADIENT 336F8', 105.22, 1, 'Mujer', 'Blanco', 70, 4.7, 'Malla transpirable con soporte lateral reforzado.', 'https://irun.pe/wp-content/uploads/2026/03/336F8-web-1-irun-tienda-online-deporte-las-mejores-zapatillas-accesorios-deportivos-hombre-mujer-ninos-futbol-deporte-promocion-peru-compra-ahora.jpg', 1, '2026-04-22 19:07:24'),
(24, 'Zapatillas Running Para Mujer I-Run GRADIENT 336F7', 108.22, 1, 'Mujer', 'Negro', 48, 4.5, 'Amortiguacion reactiva para maximo rendimiento en cada zancada.', 'https://irun.pe/wp-content/uploads/2026/03/336F7-web-0-irun-tienda-online-deporte-las-mejores-zapatillas-accesorios-deportivos-hombre-mujer-ninos-futbol-deporte-promocion-peru-compra-ahora.jpg', 1, '2026-04-22 19:07:24'),
(25, 'Zapatillas Running Para Mujer I-Run GRADIENT 336F6', 153.77, 1, 'Mujer', 'Negro', 73, 4.7, 'Tecnologia de absorcion de impacto para proteger tus articulaciones.', 'https://irun.pe/wp-content/uploads/2026/03/336F6-web-0-irun-tienda-online-deporte-las-mejores-zapatillas-accesorios-deportivos-hombre-mujer-ninos-futbol-deporte-promocion-peru-compra-ahora.jpg', 1, '2026-04-22 19:07:24'),
(26, 'Zapatillas Urbanas Para Mujer Irun Cadwell 501 341F5', 144.47, 1, 'Mujer', 'Azul', 10, 4.2, 'Traccion superior en cualquier superficie para un control total.', 'https://irun.pe/wp-content/uploads/2026/02/341F5-web-0-irun-tienda-online-deporte-las-mejores-zapatillas-accesorios-deportivos-hombre-mujer-ninos-futbol-deporte-promocion-peru-compra-ahora.jpg', 1, '2026-04-22 19:07:24'),
(27, 'Zapatillas Running Para Mujer I-Run Zephyr 329F7', 85.07, 1, 'Mujer', 'Blanco', 35, 4.9, 'Amortiguacion reactiva para maximo rendimiento en cada zancada.', 'https://irun.pe/wp-content/uploads/2026/02/329F7-web-0-irun-tienda-online-deporte-las-mejores-zapatillas-accesorios-deportivos-hombre-mujer-ninos-futbol-deporte-promocion-peru-compra-ahora.jpg', 1, '2026-04-22 19:07:24'),
(28, 'Zapatillas Running Juvenil I-Run KALIBUR 310J3', 61.41, 1, 'Unisex', 'Negro', 75, 4.6, 'Malla transpirable con soporte lateral reforzado.', 'https://irun.pe/wp-content/uploads/2026/02/310M3-web-0-irun-tienda-online-deporte-las-mejores-zapatillas-accesorios-deportivos-hombre-mujer-ninos-futbol-deporte-promocion-peru-compra-ahora.jpg', 1, '2026-04-22 19:07:24'),
(29, 'Zapatillas Running Para Mujer I-Run Fynx 337F8', 155.06, 1, 'Mujer', 'Blanco', 34, 3.9, 'Diseno aerodinamico con suela de respuesta rapida.', 'https://irun.pe/wp-content/uploads/2026/02/337F8-web-0-irun-tienda-online-deporte-las-mejores-zapatillas-accesorios-deportivos-hombre-mujer-ninos-futbol-deporte-promocion-peru-compra-ahora.jpg', 1, '2026-04-22 19:07:24'),
(30, 'Zapatillas Running Para Mujer I-RUN SPEEDCORE X 309F8', 129.10, 1, 'Mujer', 'Negro', 15, 4.4, 'Tecnologia de absorcion de impacto para proteger tus articulaciones.', 'https://irun.pe/wp-content/uploads/2026/01/309F8-web-0-irun-tienda-online-deporte-las-mejores-zapatillas-accesorios-deportivos-hombre-mujer-ninos-futbol-deporte-promocion-peru-compra-ahora.jpg', 1, '2026-04-22 19:07:24'),
(31, 'TOP DEPORTIVO SAILOR PARA MUJER MTP6525 AZUL', 63.14, 2, 'Mujer', 'Negro', 8, 4.2, 'Costuras planas para evitar rozaduras en carreras largas.', 'https://irun.pe/wp-content/uploads/2026/04/MTP6525_AZUL-web-0-irun-tienda-online-deporte-las-mejores-zapatillas-accesorios-deportivos-hombre-mujer-ninos-futbol-deporte-promocion-peru-compra-ahora.jpg', 1, '2026-04-22 19:07:24'),
(32, 'TOP DEPORTIVO SAILOR PARA MUJER MTP6525 BLANCO', 66.53, 2, 'Mujer', 'Negro', 48, 4.3, 'Proteccion UV 50+ para entrenamientos al aire libre.', 'https://irun.pe/wp-content/uploads/2026/04/MTP6525_BLANCO-web-0-irun-tienda-online-deporte-las-mejores-zapatillas-accesorios-deportivos-hombre-mujer-ninos-futbol-deporte-promocion-peru-compra-ahora.jpg', 1, '2026-04-22 19:07:24'),
(33, 'TOP DEPORTIVO SAILOR PARA MUJER MTP6525 NEGRO', 37.07, 2, 'Mujer', 'Negro', 7, 4.6, 'Proteccion UV 50+ para entrenamientos al aire libre.', 'https://irun.pe/wp-content/uploads/2026/04/MTP6525_NEGRO-web-0-irun-tienda-online-deporte-las-mejores-zapatillas-accesorios-deportivos-hombre-mujer-ninos-futbol-deporte-promocion-peru-compra-ahora.jpg', 1, '2026-04-22 19:07:24'),
(34, 'FALDA SHORT MYSTIC PARA MUJER MSR4225 BLANCO', 50.78, 3, 'Mujer', 'Rojo', 41, 3.9, 'Bolsillos con cierre para llevar tu celular de forma segura.', 'https://irun.pe/wp-content/uploads/2026/04/MSR4225_BLANCO-web-0-irun-tienda-online-deporte-las-mejores-zapatillas-accesorios-deportivos-hombre-mujer-ninos-futbol-deporte-promocion-peru-compra-ahora.jpg', 1, '2026-04-22 19:07:24'),
(35, 'FALDA SHORT MYSTIC PARA MUJER MSR4225 NEGRO', 52.70, 3, 'Mujer', 'Negro', 41, 4.0, 'Material resistente al agua para entrenar bajo lluvia.', 'https://irun.pe/wp-content/uploads/2026/04/MSR4225_NEGRO-web-0-irun-tienda-online-deporte-las-mejores-zapatillas-accesorios-deportivos-hombre-mujer-ninos-futbol-deporte-promocion-peru-compra-ahora.jpg', 1, '2026-04-22 19:07:24'),
(36, 'CASACA IMPERMEABLE I-RUN MUJER REBEL MXD7002P MORADO', 102.15, 4, 'Mujer', 'Blanco', 79, 4.9, 'Ajuste personalizado para maximo confort durante el entrenamiento.', 'https://irun.pe/wp-content/uploads/2025/12/MXD7002P-DEEP-PURPLE-web-0-irun-tienda-online-deporte-las-mejores-zapatillas-accesorios-deportivos-hombre-mujer-ninos-futbol-deporte-promocion-peru-compra-ahora.jpg', 1, '2026-04-22 19:07:24'),
(37, 'CORTAVIENTO BLEND I-RUN MCT106CV MORADO', 42.55, 4, 'Unisex', 'Negro', 28, 4.6, 'Ajuste personalizado para maximo confort durante el entrenamiento.', 'https://irun.pe/wp-content/uploads/2025/10/MCT106CV-BURGUNDY-web-0-casaca-convertible-negro-irun-tienda-online-deporte-las-mejores-zapatillas-accesorios-deportivos-hombre-mujer-ninos-futbol-deporte-promocion-peru-compra-ahora.jpg', 1, '2026-04-22 19:07:24'),
(38, 'CASACA IMPERMEABLE ANALA I-RUN MXD7001P KHAKI', 90.92, 4, 'Unisex', 'Negro', 23, 5.0, 'Material premium resistente al desgaste diario.', 'https://irun.pe/wp-content/uploads/2025/08/MXD7001P-KHAKI-web-0-casaca-convertible-negro-irun-tienda-online-deporte-las-mejores-zapatillas-accesorios-deportivos-hombre-mujer-ninos-futbol-deporte-promocion-peru.jpg', 1, '2026-04-22 19:07:24'),
(39, 'CASACA IMPERMEABLE ANALA I-RUN MXD7001P NEGRO', 91.51, 4, 'Unisex', 'Rojo', 48, 4.3, 'Material premium resistente al desgaste diario.', 'https://irun.pe/wp-content/uploads/2025/08/MXD7001P-NEGRO-web-0-casaca-convertible-negro-irun-tienda-online-deporte-las-mejores-zapatillas-accesorios-deportivos-hombre-mujer-ninos-futbol-deporte-promocion-peru.jpg', 1, '2026-04-22 19:07:24'),
(40, 'CASACA NEBULA I-RUN MXD7005P KHAKI', 74.40, 4, 'Unisex', 'Negro', 24, 4.1, 'Ajuste personalizado para maximo confort durante el entrenamiento.', 'https://irun.pe/wp-content/uploads/2025/07/MXD7005P-KHAKI-web-0-irun-tienda-online-deporte-las-mejores-zapatillas-accesorios-deportivos-hombre-mujer-ninos-futbol-deporte-promocion-peru-compra-ahora.jpg', 1, '2026-04-22 19:07:24'),
(41, 'Conjunto Deportivo Nylon I-Run para Mujer MBD-1324 ROSADO', 53.90, 4, 'Mujer', 'Blanco', 6, 4.5, 'Material premium resistente al desgaste diario.', 'https://irun.pe/wp-content/uploads/2025/10/MBD-1324-ROSADO-web-0-irun-tienda-online-deporte-las-mejores-zapatillas-accesorios-deportivos-hombre-mujer-ninos-futbol-deporte-promocion-peru-compra-ahora.jpg', 1, '2026-04-22 19:07:24'),
(42, 'Conjunto Deportivo Frizado I-Run para Mujer NBD-627 MORADO', 87.92, 4, 'Mujer', 'Negro', 47, 4.0, 'Tecnologia de monitoreo de actividad y ritmo cardiaco.', 'https://irun.pe/wp-content/uploads/2025/08/NBD-627-VIOLETA-web-0-irun-tienda-online-casaca-convertible-negro-irun-tienda-online-deporte-las-mejores-zapatillas-accesorios-deportivos-hombre-mujer-ninos-futbol-deporte-promocion-peru.jpg', 1, '2026-04-22 19:07:24'),
(43, 'Conjunto Deportivo Nylon I-Run para Mujer MBD-1324 ACERO', 29.80, 4, 'Mujer', 'Blanco', 48, 4.8, 'Diseno ergonomico pensado para el deportista exigente.', 'https://irun.pe/wp-content/uploads/2025/08/MBD-1324-ACEROweb-0-casaca-convertible-negro-irun-tienda-online-deporte-las-mejores-zapatillas-accesorios-deportivos-hombre-mujer-ninos-futbol-deporte-promocion-peru-compra-ahora.jpg', 1, '2026-04-22 19:07:24'),
(44, 'Conjunto Deportivo Brindy I-Run para Mujer FCD008 NEGRO', 18.16, 4, 'Mujer', 'Negro', 71, 4.4, 'Diseno ergonomico pensado para el deportista exigente.', 'https://irun.pe/wp-content/uploads/2025/07/FCD008-NEGRO-web-0-irun-tienda-online-deporte-las-mejores-zapatillas-accesorios-deportivos-hombre-mujer-ninos-futbol-deporte-promocion-peru-compra-ahora2-scaled.jpg', 1, '2026-04-22 19:07:24'),
(45, 'Conjunto Deportivo Brindy I-Run para Mujer FCD008 PALO ROSA', 32.19, 4, 'Mujer', 'Blanco', 59, 4.4, 'Diseno ergonomico pensado para el deportista exigente.', 'https://irun.pe/wp-content/uploads/2025/07/FCD008-PALO-ROSA-web-0-irun-tienda-online-deporte-las-mejores-zapatillas-accesorios-deportivos-hombre-mujer-ninos-futbol-deporte-promocion-peru-compra-ahora.jpg', 1, '2026-04-22 19:07:24'),
(46, 'Leggins Deportivo I-Run Training Dalay para Mujer MLG0324 CAFE', 53.40, 3, 'Mujer', 'Negro', 34, 4.7, 'Bolsillos con cierre para llevar tu celular de forma segura.', 'https://irun.pe/wp-content/uploads/2025/02/MLG0324-CAFE-web-0-irun-tienda-online-deporte-las-mejores-zapatillas-accesorios-deportivos-hombre-mujer-ninos-futbol-deporte-promocion-peru-compra-ahora.jpg', 1, '2026-04-22 19:07:24'),
(47, 'Leggins Deportivo I-Run Training Dalay para Mujer MLG0324 VERDE', 83.20, 3, 'Mujer', 'Negro', 34, 4.8, 'Corte ergonomico que se adapta a tu cuerpo en cada movimiento.', 'https://irun.pe/wp-content/uploads/2025/02/MLG0324-VERDE-web-0-irun-tienda-online-deporte-las-mejores-zapatillas-accesorios-deportivos-hombre-mujer-ninos-futbol-deporte-promocion-peru-compra-ahora.jpg', 1, '2026-04-22 19:07:24'),
(48, 'Leggins Deportivo I-Run Training Dalay para Mujer MLG0324 DUSTY', 81.38, 3, 'Mujer', 'Blanco', 46, 4.9, 'Libertad de movimiento total para entrenamientos intensos.', 'https://irun.pe/wp-content/uploads/2025/02/MLG0324-DUSTY-web-0-irun-tienda-online-deporte-las-mejores-zapatillas-accesorios-deportivos-hombre-mujer-ninos-futbol-deporte-promocion-peru-compra-ahora.jpg', 1, '2026-04-22 19:07:24'),
(49, 'Leggins Deportivo I-Run Training Jennifer para Mujer TLOI204F VIOLETA', 89.05, 3, 'Mujer', 'Gris', 6, 3.8, 'Material resistente al agua para entrenar bajo lluvia.', 'https://irun.pe/wp-content/uploads/2024/10/TLOI204F-VIOLETA-web-0-casaca-convertible-negro-irun-tienda-online-deporte-las-mejores-zapatillas-accesorios-deportivos-hombre-mujer-ninos-futbol-deporte-promocion-peru-compra-ahora.jpg', 1, '2026-04-22 19:07:24'),
(50, 'Leggins Deportivo I-Run Training Tahal para Mujer MLL1027 MORADO', 88.01, 3, 'Mujer', 'Rojo', 54, 4.1, 'Material resistente al agua para entrenar bajo lluvia.', 'https://irun.pe/wp-content/uploads/2024/10/MLL-1027-MORADO-web-0-casaca-convertible-negro-irun-tienda-online-deporte-las-mejores-zapatillas-accesorios-deportivos-hombre-mujer-ninos-futbol-deporte-promocion-peru-compra-ahora.jpg', 1, '2026-04-22 19:07:24'),
(51, 'POLO DEPORTIVO M/C KALY PARA MUJER MSD4125 ROSADO', 75.90, 2, 'Mujer', 'Negro', 63, 3.8, 'Proteccion UV 50+ para entrenamientos al aire libre.', 'https://irun.pe/wp-content/uploads/2026/04/MSD4125_ROSADO-web-0-irun-tienda-online-deporte-las-mejores-zapatillas-accesorios-deportivos-hombre-mujer-ninos-futbol-deporte-promocion-peru-compra-ahora.jpg', 1, '2026-04-22 19:07:24'),
(52, 'POLO DEPORTIVO M/C KALY PARA MUJER MSD4125 CELESTE', 35.25, 2, 'Mujer', 'Negro', 19, 4.5, 'Tejido antibacterial que elimina olores tras entrenamientos intensos.', 'https://irun.pe/wp-content/uploads/2026/04/MSD4125_CELESTE-web-0-irun-tienda-online-deporte-las-mejores-zapatillas-accesorios-deportivos-hombre-mujer-ninos-futbol-deporte-promocion-peru-compra-ahora.jpg', 1, '2026-04-22 19:07:24'),
(53, 'POLO DEPORTIVO M/C KALY PARA MUJER MSD4125 LILA', 39.90, 2, 'Mujer', 'Negro', 80, 4.4, 'Tela ultra transpirable con tecnologia de secado rapido.', 'https://irun.pe/wp-content/uploads/2026/04/MSD4125_LILA-web-0-irun-tienda-online-deporte-las-mejores-zapatillas-accesorios-deportivos-hombre-mujer-ninos-futbol-deporte-promocion-peru-compra-ahora.jpg', 1, '2026-04-22 19:07:24'),
(54, 'Top Deportivo I-Run Odelys para Mujer MTT1524 NEGRO', 77.20, 2, 'Mujer', 'Negro', 28, 4.0, 'Compresion muscular para mejorar la circulacion durante el ejercicio.', 'https://irun.pe/wp-content/uploads/2025/04/MTT1524-NEGRO-web-0-irun-tienda-online-deporte-las-mejores-zapatillas-accesorios-deportivos-hombre-mujer-ninos-futbol-deporte-promocion-peru-compra-ahora.jpg', 1, '2026-04-22 19:07:24'),
(55, 'Top Deportivo I-Run Odelys para Mujer MTT1524 NARANJA', 58.18, 2, 'Mujer', 'Negro', 66, 4.3, 'Compresion muscular para mejorar la circulacion durante el ejercicio.', 'https://irun.pe/wp-content/uploads/2025/04/MTT1524-NARANJA-web-0-irun-tienda-online-deporte-las-mejores-zapatillas-accesorios-deportivos-hombre-mujer-ninos-futbol-deporte-promocion-peru-compra-ahora.jpg', 1, '2026-04-22 19:07:24'),
(56, 'FALDA SHORT MYSTIC PARA MUJER MSR4225 BLANCO (2)', 37.21, 3, 'Mujer', 'Negro', 47, 4.9, 'Bolsillos con cierre para llevar tu celular de forma segura.', 'https://irun.pe/wp-content/uploads/2026/04/MSR4225_BLANCO-web-0-irun-tienda-online-deporte-las-mejores-zapatillas-accesorios-deportivos-hombre-mujer-ninos-futbol-deporte-promocion-peru-compra-ahora.jpg', 1, '2026-04-22 19:07:24'),
(57, 'FALDA SHORT MYSTIC PARA MUJER MSR4225 NEGRO (2)', 85.73, 3, 'Mujer', 'Negro', 66, 4.5, 'Corte ergonomico que se adapta a tu cuerpo en cada movimiento.', 'https://irun.pe/wp-content/uploads/2026/04/MSR4225_NEGRO-web-0-irun-tienda-online-deporte-las-mejores-zapatillas-accesorios-deportivos-hombre-mujer-ninos-futbol-deporte-promocion-peru-compra-ahora.jpg', 1, '2026-04-22 19:07:24'),
(58, 'FALDA SHORT MYSTIC PARA MUJER MSR4225 ROSADO', 89.95, 3, 'Mujer', 'Blanco', 43, 4.7, 'Tejido elastico en 4 direcciones con cintura ajustable.', 'https://irun.pe/wp-content/uploads/2026/04/MSR4225_ROSADO-web-0-irun-tienda-online-deporte-las-mejores-zapatillas-accesorios-deportivos-hombre-mujer-ninos-futbol-deporte-promocion-peru-compra-ahora.jpg', 1, '2026-04-22 19:07:24'),
(59, 'TOP DEPORTIVO SAILOR PARA MUJER MTP6525 AZUL (2)', 72.80, 2, 'Mujer', 'Negro', 51, 4.4, 'Proteccion UV 50+ para entrenamientos al aire libre.', 'https://irun.pe/wp-content/uploads/2026/04/MTP6525_AZUL-web-0-irun-tienda-online-deporte-las-mejores-zapatillas-accesorios-deportivos-hombre-mujer-ninos-futbol-deporte-promocion-peru-compra-ahora.jpg', 1, '2026-04-22 19:07:24'),
(60, 'TOP DEPORTIVO SAILOR PARA MUJER MTP6525 BLANCO (2)', 52.90, 2, 'Mujer', 'Azul', 67, 4.7, 'Tela ultra transpirable con tecnologia de secado rapido.', 'https://irun.pe/wp-content/uploads/2026/04/MTP6525_BLANCO-web-0-irun-tienda-online-deporte-las-mejores-zapatillas-accesorios-deportivos-hombre-mujer-ninos-futbol-deporte-promocion-peru-compra-ahora.jpg', 1, '2026-04-22 19:07:24'),
(61, 'TOP DEPORTIVO SAILOR PARA MUJER MTP6525 NEGRO (2)', 62.95, 2, 'Mujer', 'Negro', 35, 4.4, 'Compresion muscular para mejorar la circulacion durante el ejercicio.', 'https://irun.pe/wp-content/uploads/2026/04/MTP6525_NEGRO-web-0-irun-tienda-online-deporte-las-mejores-zapatillas-accesorios-deportivos-hombre-mujer-ninos-futbol-deporte-promocion-peru-compra-ahora.jpg', 1, '2026-04-22 19:07:24'),
(62, 'Top Deportivo I-Run Training Danae para Mujer MTP0224 Verde', 56.68, 2, 'Mujer', 'Negro', 64, 4.5, 'Costuras planas para evitar rozaduras en carreras largas.', 'https://irun.pe/wp-content/uploads/2025/03/MTP0224-VERDE-web-0-irun-tienda-online-deporte-las-mejores-zapatillas-accesorios-deportivos-hombre-mujer-ninos-futbol-deporte-promocion-peru-compra-ahora.jpg', 1, '2026-04-22 19:07:24'),
(63, 'Top Deportivo I-Run Training Danae para Mujer MTP0224 Negro', 69.02, 2, 'Mujer', 'Negro', 8, 4.3, 'Proteccion UV 50+ para entrenamientos al aire libre.', 'https://irun.pe/wp-content/uploads/2025/03/MTP0224-NEGRO-web-0-irun-tienda-online-deporte-las-mejores-zapatillas-accesorios-deportivos-hombre-mujer-ninos-futbol-deporte-promocion-peru-compra-ahora.jpg', 1, '2026-04-22 19:07:24'),
(64, 'Zapatillas Urbanas para Hombre I-Run NIMBUS 2000 474M4', 61.79, 1, 'Hombre', 'Negro', 54, 4.0, 'Traccion superior en cualquier superficie para un control total.', 'https://irun.pe/wp-content/uploads/2026/03/474M4-web-0-irun-tienda-online-deporte-las-mejores-zapatillas-accesorios-deportivos-hombre-mujer-ninos-futbol-deporte-promocion-peru-compra-ahora.jpg', 1, '2026-04-22 19:07:24'),
(65, 'Zapatillas Urbanas para Hombre I-Run NIMBUS 2000 474M3', 82.58, 1, 'Hombre', 'Gris', 6, 4.1, 'Traccion superior en cualquier superficie para un control total.', 'https://irun.pe/wp-content/uploads/2026/03/474M3-web-0-irun-tienda-online-deporte-las-mejores-zapatillas-accesorios-deportivos-hombre-mujer-ninos-futbol-deporte-promocion-peru-compra-ahora.jpg', 1, '2026-04-22 19:07:24'),
(66, 'Zapatillas Urbanas para Hombre I-Run NIMBUS 2000 474M2', 178.21, 1, 'Hombre', 'Rojo', 6, 3.9, 'Tecnologia de absorcion de impacto para proteger tus articulaciones.', 'https://irun.pe/wp-content/uploads/2026/03/474M2-web-0-irun-tienda-online-deporte-las-mejores-zapatillas-accesorios-deportivos-hombre-mujer-ninos-futbol-deporte-promocion-peru-compra-ahora.jpg', 1, '2026-04-22 19:07:24'),
(67, 'Zapatillas Urbanas para Hombre I-Run NIMBUS 2000 474M1', 76.21, 1, 'Hombre', 'Negro', 23, 4.9, 'Diseno aerodinamico con suela de respuesta rapida.', 'https://irun.pe/wp-content/uploads/2026/03/474M1-web-0-irun-tienda-online-deporte-las-mejores-zapatillas-accesorios-deportivos-hombre-mujer-ninos-futbol-deporte-promocion-peru-compra-ahora.jpg', 1, '2026-04-22 19:07:24'),
(68, 'Zapatillas Outdoor Para Hombre I-RUN RUGGEDX P20 348M4', 159.17, 1, 'Hombre', 'Negro', 45, 4.3, 'Amortiguacion reactiva para maximo rendimiento en cada zancada.', 'https://irun.pe/wp-content/uploads/2026/03/348M4-web-0-irun-tienda-online-deporte-las-mejores-zapatillas-accesorios-deportivos-hombre-mujer-ninos-futbol-deporte-promocion-peru-compra-ahora.jpg', 1, '2026-04-22 19:07:24'),
(69, 'Zapatillas Urbanas para Hombre I-Run NIMBUS 2000 474M4 (2)', 112.42, 1, 'Hombre', 'Rojo', 38, 4.7, 'Amortiguacion reactiva para maximo rendimiento en cada zancada.', 'https://irun.pe/wp-content/uploads/2026/03/474M4-web-0-irun-tienda-online-deporte-las-mejores-zapatillas-accesorios-deportivos-hombre-mujer-ninos-futbol-deporte-promocion-peru-compra-ahora.jpg', 1, '2026-04-22 19:07:24'),
(70, 'Zapatillas Urbanas para Hombre I-Run NIMBUS 2000 474M3 (2)', 120.25, 1, 'Hombre', 'Rojo', 35, 4.6, 'Amortiguacion reactiva para maximo rendimiento en cada zancada.', 'https://irun.pe/wp-content/uploads/2026/03/474M3-web-0-irun-tienda-online-deporte-las-mejores-zapatillas-accesorios-deportivos-hombre-mujer-ninos-futbol-deporte-promocion-peru-compra-ahora.jpg', 1, '2026-04-22 19:07:24'),
(71, 'Zapatillas Urbanas para Hombre I-Run NIMBUS 2000 474M2 (2)', 158.58, 1, 'Hombre', 'Negro', 6, 4.4, 'Tecnologia de absorcion de impacto para proteger tus articulaciones.', 'https://irun.pe/wp-content/uploads/2026/03/474M2-web-0-irun-tienda-online-deporte-las-mejores-zapatillas-accesorios-deportivos-hombre-mujer-ninos-futbol-deporte-promocion-peru-compra-ahora.jpg', 1, '2026-04-22 19:07:24'),
(72, 'Zapatillas Urbanas para Hombre I-Run NIMBUS 2000 474M1 (2)', 75.08, 1, 'Hombre', 'Negro', 10, 4.8, 'Diseno aerodinamico con suela de respuesta rapida.', 'https://irun.pe/wp-content/uploads/2026/03/474M1-web-0-irun-tienda-online-deporte-las-mejores-zapatillas-accesorios-deportivos-hombre-mujer-ninos-futbol-deporte-promocion-peru-compra-ahora.jpg', 1, '2026-04-22 19:07:24'),
(73, 'Zapatillas Outdoor Para Hombre I-RUN RUGGEDX P20 348M4 (2)', 82.95, 1, 'Hombre', 'Blanco', 43, 4.2, 'Diseno aerodinamico con suela de respuesta rapida.', 'https://irun.pe/wp-content/uploads/2026/03/348M4-web-0-irun-tienda-online-deporte-las-mejores-zapatillas-accesorios-deportivos-hombre-mujer-ninos-futbol-deporte-promocion-peru-compra-ahora.jpg', 1, '2026-04-22 19:07:24'),
(74, 'Zapatillas Basquet Para Hombre I-Run Raveneer 282M5', 91.15, 1, 'Hombre', 'Negro', 7, 4.5, 'Diseno aerodinamico con suela de respuesta rapida.', 'https://irun.pe/wp-content/uploads/2025/08/282M5-web-0-irun-tienda-online-deporte-las-mejores-zapatillas-accesorios-deportivos-hombre-mujer-ninos-futbol-deporte-promocion-peru-compra-ahora.jpg', 1, '2026-04-22 19:07:24'),
(75, 'Zapatillas Basquet Para Hombre I-Run Raveneer 282M4', 138.62, 1, 'Hombre', 'Negro', 60, 4.7, 'Amortiguacion reactiva para maximo rendimiento en cada zancada.', 'https://irun.pe/wp-content/uploads/2025/08/282M4-web-0-irun-tienda-online-deporte-las-mejores-zapatillas-accesorios-deportivos-hombre-mujer-ninos-futbol-deporte-promocion-peru-compra-ahora.jpg', 1, '2026-04-22 19:07:24'),
(76, 'Zapatillas Basquet Para Hombre I-Run GRINGOTTS 281M5', 144.79, 1, 'Hombre', 'Negro', 58, 4.5, 'Amortiguacion reactiva para maximo rendimiento en cada zancada.', 'https://irun.pe/wp-content/uploads/2025/08/281M5-web-0-irun-tienda-online-deporte-las-mejores-zapatillas-accesorios-deportivos-hombre-mujer-ninos-futbol-deporte-promocion-peru-compra-ahora.jpg', 1, '2026-04-22 19:07:24'),
(77, 'Zapatillas Basquet Para Hombre I-Run GRINGOTTS 281M4', 179.83, 1, 'Hombre', 'Negro', 76, 4.3, 'Malla transpirable con soporte lateral reforzado.', 'https://irun.pe/wp-content/uploads/2025/08/281M4-web-0-irun-tienda-online-deporte-las-mejores-zapatillas-accesorios-deportivos-hombre-mujer-ninos-futbol-deporte-promocion-peru-compra-ahora.jpg', 1, '2026-04-22 19:07:24'),
(78, 'Zapatillas Basquet Para Hombre I-Run GRINGOTTS 281M3', 108.20, 1, 'Hombre', 'Negro', 80, 4.3, 'Diseno aerodinamico con suela de respuesta rapida.', 'https://irun.pe/wp-content/uploads/2025/08/281m3-web-0-irun-tienda-online-deporte-las-mejores-zapatillas-accesorios-deportivos-hombre-mujer-ninos-futbol-deporte-promocion-peru-compra-ahora.jpg', 1, '2026-04-22 19:07:24'),
(79, 'Zapatillas Futbol Para Hombre I-Run Carmelo E030M1', 105.52, 1, 'Hombre', 'Negro', 53, 4.2, 'Amortiguacion reactiva para maximo rendimiento en cada zancada.', 'https://irun.pe/wp-content/uploads/2026/02/E030M1-web-0-irun-tienda-online-deporte-las-mejores-zapatillas-accesorios-deportivos-hombre-mujer-ninos-futbol-deporte-promocion-peru-compra-ahoraa.jpg', 1, '2026-04-22 19:07:24'),
(80, 'Zapatillas Futbol Para Hombre I-Run Aguila E029M2', 167.45, 1, 'Hombre', 'Blanco', 25, 4.6, 'Traccion superior en cualquier superficie para un control total.', 'https://irun.pe/wp-content/uploads/2026/02/E029M2-web-0-irun-tienda-online-deporte-las-mejores-zapatillas-accesorios-deportivos-hombre-mujer-ninos-futbol-deporte-promocion-peru-compra-ahora.jpg', 1, '2026-04-22 19:07:24'),
(81, 'Zapatillas Futbol Para Hombre I-Run Aguila E029M1', 97.16, 1, 'Hombre', 'Negro', 80, 4.5, 'Traccion superior en cualquier superficie para un control total.', 'https://irun.pe/wp-content/uploads/2026/02/E029M1-web-0-irun-tienda-online-deporte-las-mejores-zapatillas-accesorios-deportivos-hombre-mujer-ninos-futbol-deporte-promocion-peru-compra-ahora.jpg', 1, '2026-04-22 19:07:24'),
(82, 'Zapatillas Futbol Para Hombre I-Run Predattor E028M3', 168.53, 1, 'Hombre', 'Blanco', 57, 5.0, 'Malla transpirable con soporte lateral reforzado.', 'https://irun.pe/wp-content/uploads/2026/02/E028M3-web-0-irun-tienda-online-deporte-las-mejores-zapatillas-accesorios-deportivos-hombre-mujer-ninos-futbol-deporte-promocion-peru-compra-ahora.jpg', 1, '2026-04-22 19:07:24'),
(83, 'Zapatillas Futbol Para Hombre I-Run Predattor E028M1', 146.80, 1, 'Hombre', 'Negro', 30, 4.3, 'Traccion superior en cualquier superficie para un control total.', 'https://irun.pe/wp-content/uploads/2026/02/E028M1-web-0-irun-tienda-online-deporte-las-mejores-zapatillas-accesorios-deportivos-hombre-mujer-ninos-futbol-deporte-promocion-peru-compra-ahora.jpg', 1, '2026-04-22 19:07:24'),
(84, 'Zapatillas Urbanas para Hombre I-Run NIMBUS 2000 474M4 (3)', 144.41, 1, 'Hombre', 'Rojo', 52, 4.3, 'Malla transpirable con soporte lateral reforzado.', 'https://irun.pe/wp-content/uploads/2026/03/474M4-web-0-irun-tienda-online-deporte-las-mejores-zapatillas-accesorios-deportivos-hombre-mujer-ninos-futbol-deporte-promocion-peru-compra-ahora.jpg', 1, '2026-04-22 19:07:24'),
(85, 'Zapatillas Urbanas para Hombre I-Run NIMBUS 2000 474M3 (3)', 177.91, 1, 'Hombre', 'Azul', 73, 4.5, 'Malla transpirable con soporte lateral reforzado.', 'https://irun.pe/wp-content/uploads/2026/03/474M3-web-0-irun-tienda-online-deporte-las-mejores-zapatillas-accesorios-deportivos-hombre-mujer-ninos-futbol-deporte-promocion-peru-compra-ahora.jpg', 1, '2026-04-22 19:07:24'),
(86, 'Zapatillas Urbanas para Hombre I-Run NIMBUS 2000 474M2 (3)', 96.48, 1, 'Hombre', 'Negro', 80, 4.7, 'Tecnologia de absorcion de impacto para proteger tus articulaciones.', 'https://irun.pe/wp-content/uploads/2026/03/474M2-web-0-irun-tienda-online-deporte-las-mejores-zapatillas-accesorios-deportivos-hombre-mujer-ninos-futbol-deporte-promocion-peru-compra-ahora.jpg', 1, '2026-04-22 19:07:24'),
(87, 'Zapatillas Urbanas para Hombre I-Run NIMBUS 2000 474M1 (3)', 132.95, 1, 'Hombre', 'Negro', 45, 3.8, 'Traccion superior en cualquier superficie para un control total.', 'https://irun.pe/wp-content/uploads/2026/03/474M1-web-0-irun-tienda-online-deporte-las-mejores-zapatillas-accesorios-deportivos-hombre-mujer-ninos-futbol-deporte-promocion-peru-compra-ahora.jpg', 1, '2026-04-22 19:07:24'),
(88, 'Zapatillas Urbanas Para Hombre I-RUN CLUB STREET25 322M5', 165.05, 1, 'Hombre', 'Negro', 36, 4.5, 'Malla transpirable con soporte lateral reforzado.', 'https://irun.pe/wp-content/uploads/2026/03/322M5-web-0-irun-tienda-online-deporte-las-mejores-zapatillas-accesorios-deportivos-hombre-mujer-ninos-futbol-deporte-promocion-peru-compra-ahora.jpg', 1, '2026-04-22 19:07:24'),
(89, 'Zapatillas Outdoor Para Hombre I-RUN RUGGEDX P20 348M4 (3)', 66.91, 1, 'Hombre', 'Negro', 66, 4.3, 'Amortiguacion reactiva para maximo rendimiento en cada zancada.', 'https://irun.pe/wp-content/uploads/2026/03/348M4-web-0-irun-tienda-online-deporte-las-mejores-zapatillas-accesorios-deportivos-hombre-mujer-ninos-futbol-deporte-promocion-peru-compra-ahora.jpg', 1, '2026-04-22 19:07:24'),
(90, 'Zapatillas Outdoor Para Hombre I-RUN RUGGEDX P20 348M3', 141.98, 1, 'Hombre', 'Negro', 29, 4.6, 'Tecnologia de absorcion de impacto para proteger tus articulaciones.', 'https://irun.pe/wp-content/uploads/2026/03/348M3-web-0-irun-tienda-online-deporte-las-mejores-zapatillas-accesorios-deportivos-hombre-mujer-ninos-futbol-deporte-promocion-peru-compra-ahora.jpg', 1, '2026-04-22 19:07:24'),
(91, 'Zapatillas Outdoor Para Hombre I-RUN RUGGEDX P20 348M2', 83.98, 1, 'Hombre', 'Negro', 6, 4.5, 'Traccion superior en cualquier superficie para un control total.', 'https://irun.pe/wp-content/uploads/2026/03/348M2-web-0-irun-tienda-online-deporte-las-mejores-zapatillas-accesorios-deportivos-hombre-mujer-ninos-futbol-deporte-promocion-peru-compra-ahora.jpg', 1, '2026-04-22 19:07:24'),
(92, 'Zapatillas Outdoor Para Hombre I-RUN RUGGEDX P20 348M1', 151.81, 1, 'Hombre', 'Negro', 78, 4.0, 'Traccion superior en cualquier superficie para un control total.', 'https://irun.pe/wp-content/uploads/2026/03/348M1-web-0-irun-tienda-online-deporte-las-mejores-zapatillas-accesorios-deportivos-hombre-mujer-ninos-futbol-deporte-promocion-peru-compra-ahora.jpg', 1, '2026-04-22 19:07:24'),
(93, 'Zapatillas Outdoor Para Hombre I-RUN TERRAMAX 312M5', 92.58, 1, 'Hombre', 'Negro', 70, 3.8, 'Diseno aerodinamico con suela de respuesta rapida.', 'https://irun.pe/wp-content/uploads/2026/03/312M5-web-0-irun-tienda-online-deporte-las-mejores-zapatillas-accesorios-deportivos-hombre-mujer-ninos-futbol-deporte-promocion-peru-compra-ahora.jpg', 1, '2026-04-22 19:07:24'),
(94, 'Zapatillas Running Para Hombre I-Run RUNBBOST 288M5', 151.04, 1, 'Hombre', 'Negro', 52, 4.9, 'Malla transpirable con soporte lateral reforzado.', 'https://irun.pe/wp-content/uploads/2026/03/288M5-web-1-irun-tienda-online-deporte-las-mejores-zapatillas-accesorios-deportivos-hombre-mujer-ninos-futbol-deporte-promocion-peru-compra-ahora.jpg', 1, '2026-04-22 19:07:24'),
(95, 'Zapatillas Running Para Hombre I-Run GRADIENT 336M4', 128.08, 1, 'Hombre', 'Negro', 63, 4.9, 'Traccion superior en cualquier superficie para un control total.', 'https://irun.pe/wp-content/uploads/2026/03/336M4-web-0-irun-tienda-online-deporte-las-mejores-zapatillas-accesorios-deportivos-hombre-mujer-ninos-futbol-deporte-promocion-peru-compra-ahora.jpg', 1, '2026-04-22 19:07:24'),
(96, 'Zapatillas Running Para Hombre I-Run GRADIENT 336M3', 106.22, 1, 'Hombre', 'Negro', 14, 4.7, 'Tecnologia de absorcion de impacto para proteger tus articulaciones.', 'https://irun.pe/wp-content/uploads/2026/03/336M3-web-0-irun-tienda-online-deporte-las-mejores-zapatillas-accesorios-deportivos-hombre-mujer-ninos-futbol-deporte-promocion-peru-compra-ahora.jpg', 1, '2026-04-22 19:07:24'),
(97, 'Zapatillas Running Para Hombre I-Run GRADIENT 336M2', 61.29, 1, 'Hombre', 'Blanco', 24, 4.9, 'Diseno aerodinamico con suela de respuesta rapida.', 'https://irun.pe/wp-content/uploads/2026/03/336M2-web-0-irun-tienda-online-deporte-las-mejores-zapatillas-accesorios-deportivos-hombre-mujer-ninos-futbol-deporte-promocion-peru-compra-ahora.jpg', 1, '2026-04-22 19:07:24'),
(98, 'Zapatillas Running Para Hombre Irun Kalibur 200 310M4', 116.63, 1, 'Hombre', 'Negro', 73, 4.5, 'Tecnologia de absorcion de impacto para proteger tus articulaciones.', 'https://irun.pe/wp-content/uploads/2026/02/310M4-web-0-irun-tienda-online-deporte-las-mejores-zapatillas-accesorios-deportivos-hombre-mujer-ninos-futbol-deporte-promocion-peru-compra-ahora.jpg', 1, '2026-04-22 19:07:24'),
(99, 'Zapatillas Running Para Hombre I-Run KALIBUR 310M3', 92.97, 1, 'Hombre', 'Rojo', 27, 4.1, 'Tecnologia de absorcion de impacto para proteger tus articulaciones.', 'https://irun.pe/wp-content/uploads/2026/02/310M3-web-0-irun-tienda-online-deporte-las-mejores-zapatillas-accesorios-deportivos-hombre-mujer-ninos-futbol-deporte-promocion-peru-compra-ahora.jpg', 1, '2026-04-22 19:07:24'),
(100, 'Zapatillas Outdoor para Hombre I RUN KRONIX 314M5', 168.96, 1, 'Hombre', 'Negro', 36, 4.9, 'Amortiguacion reactiva para maximo rendimiento en cada zancada.', 'https://irun.pe/wp-content/uploads/2026/01/309M5-web-0-irun-tienda-online-deporte-las-mejores-zapatillas-accesorios-deportivos-hombre-mujer-ninos-futbol-deporte-promocion-peru-compra-ahora.jpg', 1, '2026-04-22 19:07:24'),
(101, 'Zapatillas Running Para Hombre I-RUN SPEEDCORE X 309M4', 158.85, 1, 'Hombre', 'Rojo', 22, 4.9, 'Tecnologia de absorcion de impacto para proteger tus articulaciones.', 'https://irun.pe/wp-content/uploads/2026/01/309M4-web-0-irun-tienda-online-deporte-las-mejores-zapatillas-accesorios-deportivos-hombre-mujer-ninos-futbol-deporte-promocion-peru-compra-ahora.jpg', 1, '2026-04-22 19:07:24'),
(102, 'Zapatillas Running Para Hombre I-RUN SPEEDCORE X 309M3', 169.03, 1, 'Hombre', 'Azul', 31, 4.8, 'Malla transpirable con soporte lateral reforzado.', 'https://irun.pe/wp-content/uploads/2026/01/309M3-web-0-irun-tienda-online-deporte-las-mejores-zapatillas-accesorios-deportivos-hombre-mujer-ninos-futbol-deporte-promocion-peru-compra-ahora.jpg', 1, '2026-04-22 19:07:24'),
(103, 'Zapatillas Running Para Hombre I-RUN SPEEDCORE X 309M2', 143.50, 1, 'Hombre', 'Negro', 49, 4.2, 'Traccion superior en cualquier superficie para un control total.', 'https://irun.pe/wp-content/uploads/2026/01/309M2-web-0-irun-tienda-online-deporte-las-mejores-zapatillas-accesorios-deportivos-hombre-mujer-ninos-futbol-deporte-promocion-peru-compra-ahora.jpg', 1, '2026-04-22 19:07:24'),
(104, 'SHORT FRENCH TERRY SHELDON PARA HOMBRE HSU6425 AZUL', 30.41, 3, 'Hombre', 'Blanco', 63, 4.4, 'Libertad de movimiento total para entrenamientos intensos.', 'https://irun.pe/wp-content/uploads/2026/04/HSU6425-AZUL-web-0-irun-tienda-online-deporte-las-mejores-zapatillas-accesorios-deportivos-hombre-mujer-ninos-futbol-deporte-promocion-peru-compra-ahora.jpg', 1, '2026-04-22 19:07:24'),
(105, 'SHORT FRENCH TERRY SHELDON PARA HOMBRE HSU6425 NEGRO', 85.94, 3, 'Hombre', 'Negro', 77, 4.5, 'Tejido elastico en 4 direcciones con cintura ajustable.', 'https://irun.pe/wp-content/uploads/2026/04/HSU6425-NEGRO-web-0-irun-tienda-online-deporte-las-mejores-zapatillas-accesorios-deportivos-hombre-mujer-ninos-futbol-deporte-promocion-peru-compra-ahora.jpg', 1, '2026-04-22 19:07:24'),
(106, 'POLO DEPORTIVO M/C COREFIT PARA HOMBRE HSD2126 NEGRO', 68.26, 2, 'Hombre', 'Blanco', 29, 4.6, 'Proteccion UV 50+ para entrenamientos al aire libre.', 'https://irun.pe/wp-content/uploads/2026/04/HSD2126-NEGRO-web-0-irun-tienda-online-deporte-las-mejores-zapatillas-accesorios-deportivos-hombre-mujer-ninos-futbol-deporte-promocion-peru-compra-ahora.jpg', 1, '2026-04-22 19:07:24'),
(107, 'POLO DEPORTIVO M/C COREFIT PARA HOMBRE HSD2126 BLANCO', 53.16, 2, 'Hombre', 'Negro', 36, 4.2, 'Proteccion UV 50+ para entrenamientos al aire libre.', 'https://irun.pe/wp-content/uploads/2026/04/HSD2126-BLANCO-web-0-irun-tienda-online-deporte-las-mejores-zapatillas-accesorios-deportivos-hombre-mujer-ninos-futbol-deporte-promocion-peru-compra-ahora.jpg', 1, '2026-04-22 19:07:24'),
(108, 'POLO DEPORTIVO M/C COREFIT PARA HOMBRE HSD2126 AZUL', 39.58, 2, 'Hombre', 'Negro', 32, 5.0, 'Proteccion UV 50+ para entrenamientos al aire libre.', 'https://irun.pe/wp-content/uploads/2026/04/HSD2126-AZUL-web-0-irun-tienda-online-deporte-las-mejores-zapatillas-accesorios-deportivos-hombre-mujer-ninos-futbol-deporte-promocion-peru-compra-ahora.jpg', 1, '2026-04-22 19:07:24'),
(109, 'POLO DEPORTIVO M/C COREFIT PARA HOMBRE HSD2126 NEGRO (2)', 62.00, 2, 'Hombre', 'Gris', 64, 3.9, 'Tejido antibacterial que elimina olores tras entrenamientos intensos.', 'https://irun.pe/wp-content/uploads/2026/04/HSD2126-NEGRO-web-0-irun-tienda-online-deporte-las-mejores-zapatillas-accesorios-deportivos-hombre-mujer-ninos-futbol-deporte-promocion-peru-compra-ahora.jpg', 1, '2026-04-22 19:07:24'),
(110, 'POLO DEPORTIVO M/C COREFIT PARA HOMBRE HSD2126 BLANCO (2)', 74.80, 2, 'Hombre', 'Negro', 17, 4.8, 'Tela ultra transpirable con tecnologia de secado rapido.', 'https://irun.pe/wp-content/uploads/2026/04/HSD2126-BLANCO-web-0-irun-tienda-online-deporte-las-mejores-zapatillas-accesorios-deportivos-hombre-mujer-ninos-futbol-deporte-promocion-peru-compra-ahora.jpg', 1, '2026-04-22 19:07:24'),
(111, 'POLO DEPORTIVO M/C COREFIT PARA HOMBRE HSD2126 AZUL (2)', 27.46, 2, 'Hombre', 'Blanco', 28, 4.2, 'Costuras planas para evitar rozaduras en carreras largas.', 'https://irun.pe/wp-content/uploads/2026/04/HSD2126-AZUL-web-0-irun-tienda-online-deporte-las-mejores-zapatillas-accesorios-deportivos-hombre-mujer-ninos-futbol-deporte-promocion-peru-compra-ahora.jpg', 1, '2026-04-22 19:07:24'),
(112, 'POLO BASICO RUSSELL PARA HOMBRE HSD1524 BLANCO', 57.60, 2, 'Hombre', 'Negro', 35, 4.5, 'Compresion muscular para mejorar la circulacion durante el ejercicio.', 'https://irun.pe/wp-content/uploads/2025/03/HSD1524-BLANCO-web-0-casaca-convertible-negro-irun-tienda-online-deporte-las-mejores-zapatillas-accesorios-deportivos-hombre-mujer-ninos-futbol-deporte-promocion-peru-compra-ahora.jpg', 1, '2026-04-22 19:07:24'),
(113, 'POLO DEPORTIVO MOTIVATE I-RUN PARA HOMBRE HSD3824 BLANCO', 74.43, 2, 'Hombre', 'Negro', 45, 4.6, 'Tela ultra transpirable con tecnologia de secado rapido.', 'https://irun.pe/wp-content/uploads/2025/04/HSD3824-BLANCO-web-0-irun-tienda-online-deporte-las-mejores-zapatillas-accesorios-deportivos-hombre-mujer-ninos-futbol-deporte-promocion-peru-compra-ahora.jpg', 1, '2026-04-22 19:07:24'),
(114, 'CASACA IMPERMEABLE RUFUS I-RUN MXH5009P BLANCO', 16.60, 4, 'Unisex', 'Negro', 5, 5.0, 'Diseno ergonomico pensado para el deportista exigente.', 'https://irun.pe/wp-content/uploads/2025/08/MXH5009P-IVORY-web-0-casaca-convertible-negro-irun-tienda-online-deporte-las-mejores-zapatillas-accesorios-deportivos-hombre-mujer-ninos-futbol-deporte-promocion-peru.jpg', 1, '2026-04-22 19:07:24'),
(115, 'CASACA IMPERMEABLE RUFUS I-RUN MXH5009P AZUL', 34.20, 4, 'Unisex', 'Negro', 41, 4.1, 'Material premium resistente al desgaste diario.', 'https://irun.pe/wp-content/uploads/2025/08/MXH5009P-NAVY-BLUE-web-0-casaca-convertible-negro-irun-tienda-online-deporte-las-mejores-zapatillas-accesorios-deportivos-hombre-mujer-ninos-futbol-deporte.jpg', 1, '2026-04-22 19:07:24'),
(116, 'CASACA IMPERMEABLE RUFUS I-RUN MXH5009P GRIS', 77.86, 4, 'Unisex', 'Gris', 69, 4.1, 'Diseno ergonomico pensado para el deportista exigente.', 'https://irun.pe/wp-content/uploads/2025/08/MXH5009P-ARMY-GREY-web-1-casaca-convertible-negro-irun-tienda-online-deporte-las-mejores-zapatillas-accesorios-deportivos-hombre-mujer-ninos-futbol-deporte.jpg', 1, '2026-04-22 19:07:24'),
(117, 'CASACA IMPERMEABLE JAKE I-RUN MXH5005P AZUL', 57.23, 4, 'Unisex', 'Azul', 61, 4.4, 'Material premium resistente al desgaste diario.', 'https://irun.pe/wp-content/uploads/2025/08/MXH5005P-NAVY-BLUE-web-0-casaca-convertible-negro-irun-tienda-online-deporte-las-mejores-zapatillas-accesorios-deportivos-hombre-mujer-ninos-futbol-deporte-promo.jpg', 1, '2026-04-22 19:07:24'),
(118, 'CASACA IMPERMEABLE JAKE I-RUN MXH5005P VERDE MILITAR', 21.23, 4, 'Unisex', 'Negro', 59, 4.7, 'Ajuste personalizado para maximo confort durante el entrenamiento.', 'https://irun.pe/wp-content/uploads/2025/08/MXH5005P-MILITARY-G-web-0-casaca-convertible-negro-irun-tienda-online-deporte-las-mejores-zapatillas-accesorios-deportivos-hombre-mujer-ninos-futbol-deporte.jpg', 1, '2026-04-22 19:07:24'),
(119, 'CONJUNTO DEPORTIVO RUFS I-RUN JFH-505 AZUL MARINO', 84.24, 4, 'Unisex', 'Negro', 44, 4.1, 'Ajuste personalizado para maximo confort durante el entrenamiento.', 'https://irun.pe/wp-content/uploads/2025/12/JFH-505-AZUL-MARINO-web-0-irun-tienda-online-deporte-las-mejores-zapatillas-accesorios-deportivos-hombre-mujer-ninos-futbol-deporte-promocion-peru-compra-ahora-scaled.jpg', 1, '2026-04-22 19:07:24'),
(120, 'CONJUNTO DEPORTIVO NYLON I-RUN – WZMT1857-1 GUINDA', 44.07, 4, 'Unisex', 'Negro', 47, 4.0, 'Tecnologia de monitoreo de actividad y ritmo cardiaco.', 'https://irun.pe/wp-content/uploads/2025/08/WZMT1857-1-GUINDA-1c-casaca-convertible-negro-irun-tienda-online-deporte-las-mejores-zapatillas-accesorios-deportivos-hombre-mujer-ninos-futbol-deporte-promocion-peru-compra-ahora.jpg', 1, '2026-04-22 19:07:24'),
(121, 'CONJUNTO DEPORTIVO NYLON I-RUN – HBD3924 VERDE', 15.08, 4, 'Unisex', 'Blanco', 5, 4.3, 'Diseno ergonomico pensado para el deportista exigente.', 'https://irun.pe/wp-content/uploads/2025/09/HBD3924-VERDE-web-0-irun-tienda-online-deporte-las-mejores-zapatillas-accesorios-deportivos-hombre-mujer-ninos-futbol-deporte-promocion-peru-compra-ahora.jpg', 1, '2026-04-22 19:07:24'),
(122, 'CONJUNTO DEPORTIVO NYLON I-RUN – HBD3924 NEGRO', 26.64, 4, 'Unisex', 'Negro', 11, 5.0, 'Material premium resistente al desgaste diario.', 'https://irun.pe/wp-content/uploads/2025/09/HBD3924-NEGRO-web-0-irun-tienda-online-deporte-las-mejores-zapatillas-accesorios-deportivos-hombre-mujer-ninos-futbol-deporte-promocion-peru-compra-ahora.jpg', 1, '2026-04-22 19:07:24'),
(123, 'CONJUNTO DEPORTIVO NYLON I-RUN HBD2724 NEGRO', 102.04, 4, 'Unisex', 'Blanco', 31, 4.3, 'Material premium resistente al desgaste diario.', 'https://irun.pe/wp-content/uploads/2025/06/HBD2724-NEGRO-web-0-irun-tienda-online-deporte-las-mejores-zapatillas-accesorios-deportivos-hombre-mujer-ninos-futbol-deporte-promocion-peru-compra-ahora.jpg', 1, '2026-04-22 19:07:24'),
(124, 'POLO DEPORTIVO PARA HOMBRE I-RUN ULTIMATE HSD1324 JADE', 41.45, 2, 'Hombre', 'Negro', 43, 4.9, 'Tejido antibacterial que elimina olores tras entrenamientos intensos.', 'https://irun.pe/wp-content/uploads/2025/03/HSD1324-JADE-web-0-casaca-convertible-negro-irun-tienda-online-deporte-las-mejores-zapatillas-accesorios-deportivos-hombre-mujer-ninos-futbol-deporte-promocion-peru-compra-ahora.jpg', 1, '2026-04-22 19:07:24'),
(125, 'POLO DEPORTIVO PARA HOMBRE I-RUN ULTIMATE HSD1324 ATLANTIC', 33.17, 2, 'Hombre', 'Negro', 74, 4.9, 'Costuras planas para evitar rozaduras en carreras largas.', 'https://irun.pe/wp-content/uploads/2025/03/HSD1324-ATLANTIC-web-2-casaca-convertible-negro-irun-tienda-online-deporte-las-mejores-zapatillas-accesorios-deportivos-hombre-mujer-ninos-futbol-deporte-promocion-peru-compra-ahora.jpg', 1, '2026-04-22 19:07:24'),
(126, 'SHORT FRENCH TERRY SHELDON PARA HOMBRE HSU6425 AZUL (2)', 80.99, 3, 'Hombre', 'Blanco', 13, 3.8, 'Corte ergonomico que se adapta a tu cuerpo en cada movimiento.', 'https://irun.pe/wp-content/uploads/2026/04/HSU6425-AZUL-web-0-irun-tienda-online-deporte-las-mejores-zapatillas-accesorios-deportivos-hombre-mujer-ninos-futbol-deporte-promocion-peru-compra-ahora.jpg', 1, '2026-04-22 19:07:24'),
(127, 'SHORT FRENCH TERRY SHELDON PARA HOMBRE HSU6425 NEGRO (2)', 48.82, 3, 'Hombre', 'Negro', 57, 4.7, 'Material resistente al agua para entrenar bajo lluvia.', 'https://irun.pe/wp-content/uploads/2026/04/HSU6425-NEGRO-web-0-irun-tienda-online-deporte-las-mejores-zapatillas-accesorios-deportivos-hombre-mujer-ninos-futbol-deporte-promocion-peru-compra-ahora.jpg', 1, '2026-04-22 19:07:24');
INSERT INTO `productos` (`id`, `nombre`, `precio`, `categoria_id`, `genero`, `color`, `stock`, `rating`, `descripcion`, `imagen_url`, `activo`, `creado_en`) VALUES
(128, 'SHORT URBANO I-RUN REX YAM-001 NEGRO', 68.36, 3, 'Unisex', 'Blanco', 37, 4.5, 'Bolsillos con cierre para llevar tu celular de forma segura.', 'https://irun.pe/wp-content/uploads/2025/03/YAM-001-NEGRO-web-0-casaca-convertible-negro-irun-tienda-online-deporte-las-mejores-zapatillas-accesorios-deportivos-hombre-mujer-ninos-futbol-deporte-promocion-peru-compra-ahora.jpg', 1, '2026-04-22 19:07:24'),
(129, 'SHORT DEPORTIVO I-RUN MAX PARA HOMBRE HSR3224 MARRON', 50.24, 3, 'Hombre', 'Negro', 36, 4.8, 'Tejido elastico en 4 direcciones con cintura ajustable.', 'https://irun.pe/wp-content/uploads/2025/03/HSR3224-VERDE-web-0-casaca-convertible-negro-irun-tienda-online-deporte-las-mejores-zapatillas-accesorios-deportivos-hombre-mujer-ninos-futbol-deporte-promocion-peru-compra-ahora.jpg', 1, '2026-04-22 19:07:24'),
(130, 'SHORT DEPORTIVO I-RUN MAX PARA HOMBRE HSR3224 NEGRO', 41.35, 3, 'Hombre', 'Blanco', 29, 4.6, 'Bolsillos con cierre para llevar tu celular de forma segura.', 'https://irun.pe/wp-content/uploads/2025/03/HSR3224-NEGRO-web-0-casaca-convertible-negro-irun-tienda-online-deporte-las-mejores-zapatillas-accesorios-deportivos-hombre-mujer-ninos-futbol-deporte-promocion-peru-compra-ahora.jpg', 1, '2026-04-22 19:07:24'),
(131, 'Zapatillas Urbanas Juvenil I-Run GLYTSH 428J2', 186.14, 1, 'Unisex', 'Blanco', 49, 5.0, 'Traccion superior en cualquier superficie para un control total.', 'https://irun.pe/wp-content/uploads/2026/02/428M2-web-0-irun-tienda-online-deporte-las-mejores-zapatillas-accesorios-deportivos-hombre-mujer-ninos-futbol-deporte-promocion-peru-compra-ahora.jpg', 1, '2026-04-22 19:07:24'),
(132, 'Zapatillas Urbanas Juvenil I-RUN CADWELL 341J3', 61.52, 1, 'Unisex', 'Negro', 35, 4.6, 'Diseno aerodinamico con suela de respuesta rapida.', 'https://irun.pe/wp-content/uploads/2026/02/341M3-web-0-irun-tienda-online-deporte-las-mejores-zapatillas-accesorios-deportivos-hombre-mujer-ninos-futbol-deporte-promocion-peru-compra-ahora.jpg', 1, '2026-04-22 19:07:24'),
(133, 'Zapatillas Outdoor Juvenil I-RUN TACTICKAL 317J5', 189.72, 1, 'Unisex', 'Blanco', 47, 3.9, 'Traccion superior en cualquier superficie para un control total.', 'https://irun.pe/wp-content/uploads/2026/02/317M5-web-0-irun-tienda-online-deporte-las-mejores-zapatillas-accesorios-deportivos-hombre-mujer-ninos-futbol-deporte-promocion-peru-compra-ahora.jpg', 1, '2026-04-22 19:07:24'),
(134, 'Zapatillas Running Juvenil I-Run KALIBUR 310J3 (2)', 138.03, 1, 'Unisex', 'Negro', 64, 4.3, 'Malla transpirable con soporte lateral reforzado.', 'https://irun.pe/wp-content/uploads/2026/02/310M3-web-0-irun-tienda-online-deporte-las-mejores-zapatillas-accesorios-deportivos-hombre-mujer-ninos-futbol-deporte-promocion-peru-compra-ahora.jpg', 1, '2026-04-22 19:07:24'),
(135, 'Zapatillas Urbanas Juvenil I-RUN ASPARGUS 334J1', 133.74, 1, 'Unisex', 'Negro', 75, 4.2, 'Tecnologia de absorcion de impacto para proteger tus articulaciones.', 'https://irun.pe/wp-content/uploads/2026/02/334M1-web-0-irun-tienda-online-deporte-las-mejores-zapatillas-accesorios-deportivos-hombre-mujer-ninos-futbol-deporte-promocion-peru-compra-ahora.jpg', 1, '2026-04-22 19:07:24'),
(136, 'Zapatillas Urbanas Juvenil I-Run GLYTSH 428J2 (2)', 156.30, 1, 'Unisex', 'Negro', 73, 3.8, 'Tecnologia de absorcion de impacto para proteger tus articulaciones.', 'https://irun.pe/wp-content/uploads/2026/02/428M2-web-0-irun-tienda-online-deporte-las-mejores-zapatillas-accesorios-deportivos-hombre-mujer-ninos-futbol-deporte-promocion-peru-compra-ahora.jpg', 1, '2026-04-22 19:07:24'),
(137, 'Zapatillas Urbanas Juvenil I-RUN CADWELL 341J3 (2)', 90.56, 1, 'Unisex', 'Negro', 51, 3.8, 'Tecnologia de absorcion de impacto para proteger tus articulaciones.', 'https://irun.pe/wp-content/uploads/2026/02/341M3-web-0-irun-tienda-online-deporte-las-mejores-zapatillas-accesorios-deportivos-hombre-mujer-ninos-futbol-deporte-promocion-peru-compra-ahora.jpg', 1, '2026-04-22 19:07:24'),
(138, 'Zapatillas Outdoor Juvenil I-RUN TACTICKAL 317J5 (2)', 123.27, 1, 'Unisex', 'Negro', 33, 4.8, 'Malla transpirable con soporte lateral reforzado.', 'https://irun.pe/wp-content/uploads/2026/02/317M5-web-0-irun-tienda-online-deporte-las-mejores-zapatillas-accesorios-deportivos-hombre-mujer-ninos-futbol-deporte-promocion-peru-compra-ahora.jpg', 1, '2026-04-22 19:07:24'),
(139, 'Zapatillas Running Juvenil I-Run KALIBUR 310J3 (3)', 136.50, 1, 'Unisex', 'Blanco', 28, 3.9, 'Malla transpirable con soporte lateral reforzado.', 'https://irun.pe/wp-content/uploads/2026/02/310M3-web-0-irun-tienda-online-deporte-las-mejores-zapatillas-accesorios-deportivos-hombre-mujer-ninos-futbol-deporte-promocion-peru-compra-ahora.jpg', 1, '2026-04-22 19:07:24'),
(140, 'Zapatillas Urbanas Juvenil I-RUN ASPARGUS 334J1 (2)', 114.15, 1, 'Unisex', 'Negro', 14, 4.6, 'Diseno aerodinamico con suela de respuesta rapida.', 'https://irun.pe/wp-content/uploads/2026/02/334M1-web-0-irun-tienda-online-deporte-las-mejores-zapatillas-accesorios-deportivos-hombre-mujer-ninos-futbol-deporte-promocion-peru-compra-ahora.jpg', 1, '2026-04-22 19:07:24'),
(141, 'Zapatillas Urbanas Juvenil I-Run GLYTSH 428J2 (3)', 150.14, 1, 'Unisex', 'Negro', 11, 4.7, 'Traccion superior en cualquier superficie para un control total.', 'https://irun.pe/wp-content/uploads/2026/02/428M2-web-0-irun-tienda-online-deporte-las-mejores-zapatillas-accesorios-deportivos-hombre-mujer-ninos-futbol-deporte-promocion-peru-compra-ahora.jpg', 1, '2026-04-22 19:07:24'),
(142, 'Zapatillas Urbanas Juvenil I-RUN CADWELL 341J3 (3)', 160.06, 1, 'Unisex', 'Negro', 25, 4.0, 'Diseno aerodinamico con suela de respuesta rapida.', 'https://irun.pe/wp-content/uploads/2026/02/341M3-web-0-irun-tienda-online-deporte-las-mejores-zapatillas-accesorios-deportivos-hombre-mujer-ninos-futbol-deporte-promocion-peru-compra-ahora.jpg', 1, '2026-04-22 19:07:24'),
(143, 'Zapatillas Urbanas Juvenil I-RUN ASPARGUS 334J1 (3)', 188.24, 1, 'Unisex', 'Negro', 49, 4.8, 'Tecnologia de absorcion de impacto para proteger tus articulaciones.', 'https://irun.pe/wp-content/uploads/2026/02/334M1-web-0-irun-tienda-online-deporte-las-mejores-zapatillas-accesorios-deportivos-hombre-mujer-ninos-futbol-deporte-promocion-peru-compra-ahora.jpg', 1, '2026-04-22 19:07:24'),
(144, 'Zapatillas Urbanas Unisex I-Run STARNOVA 412J2', 164.43, 1, 'Unisex', 'Negro', 65, 4.1, 'Malla transpirable con soporte lateral reforzado.', 'https://irun.pe/wp-content/uploads/2026/02/412M2-web-0-irun-tienda-online-deporte-las-mejores-zapatillas-accesorios-deportivos-hombre-mujer-ninos-futbol-deporte-promocion-peru-compra-ahora.jpg', 1, '2026-04-22 19:07:24'),
(145, 'Zapatillas Urbanas Juvenil I-RUN BOOM STREET 300J2', 182.59, 1, 'Unisex', 'Blanco', 24, 4.5, 'Malla transpirable con soporte lateral reforzado.', 'https://irun.pe/wp-content/uploads/2026/02/300M2-web-0-irun-tienda-online-deporte-las-mejores-zapatillas-accesorios-deportivos-hombre-mujer-ninos-futbol-deporte-promocion-peru-compra-ahora.jpg', 1, '2026-04-22 19:07:24'),
(146, 'Zapatillas Outdoor Juvenil I-RUN TACTICKAL 317J5 (3)', 69.17, 1, 'Unisex', 'Blanco', 66, 4.2, 'Tecnologia de absorcion de impacto para proteger tus articulaciones.', 'https://irun.pe/wp-content/uploads/2026/02/317M5-web-0-irun-tienda-online-deporte-las-mejores-zapatillas-accesorios-deportivos-hombre-mujer-ninos-futbol-deporte-promocion-peru-compra-ahora.jpg', 1, '2026-04-22 19:07:24'),
(147, 'Zapatillas Outdoor Juvenil I-Run Trailway 098J9', 104.87, 1, 'Unisex', 'Negro', 38, 3.9, 'Tecnologia de absorcion de impacto para proteger tus articulaciones.', 'https://irun.pe/wp-content/uploads/2026/02/098M9-web-0-irun-tienda-online-deporte-las-mejores-zapatillas-accesorios-deportivos-hombre-mujer-ninos-futbol-deporte-promocion-peru-compra-ahora.jpg', 1, '2026-04-22 19:07:24'),
(148, 'Zapatillas Outdoor Juvenil I RUN KRONIX 314J2', 64.81, 1, 'Unisex', 'Negro', 21, 4.4, 'Amortiguacion reactiva para maximo rendimiento en cada zancada.', 'https://irun.pe/wp-content/uploads/2025/11/314M2-web-0-irun-tienda-online-deporte-las-mejores-zapatillas-accesorios-deportivos-hombre-mujer-ninos-futbol-deporte-promocion-peru-compra-ahora.jpg', 1, '2026-04-22 19:07:24'),
(149, 'Zapatillas Outdoor Juvenil I RUN KRONIX 314J1', 104.69, 1, 'Unisex', 'Negro', 31, 4.6, 'Diseno aerodinamico con suela de respuesta rapida.', 'https://irun.pe/wp-content/uploads/2025/11/314M1-web-0-irun-tienda-online-deporte-las-mejores-zapatillas-accesorios-deportivos-hombre-mujer-ninos-futbol-deporte-promocion-peru-compra-ahora.jpg', 1, '2026-04-22 19:07:24'),
(150, 'Zapatillas Outdoor Juvenil I RUN FURYTREK 014FS', 140.05, 1, 'Unisex', 'Negro', 35, 4.8, 'Malla transpirable con soporte lateral reforzado.', 'https://irun.pe/wp-content/uploads/2025/08/014MS-web-0-irun-tienda-online-deporte-las-mejores-zapatillas-accesorios-deportivos-hombre-mujer-ninos-futbol-deporte-promocion-peru-compra-ahora.jpg', 1, '2026-04-22 19:07:24'),
(151, 'Zapatillas Running Juvenil I-Run KALIBUR 310J3 (4)', 172.01, 1, 'Unisex', 'Rojo', 22, 4.7, 'Tecnologia de absorcion de impacto para proteger tus articulaciones.', 'https://irun.pe/wp-content/uploads/2026/02/310M3-web-0-irun-tienda-online-deporte-las-mejores-zapatillas-accesorios-deportivos-hombre-mujer-ninos-futbol-deporte-promocion-peru-compra-ahora.jpg', 1, '2026-04-22 19:07:24'),
(152, 'Zapatillas Running Juvenil I-RUN NEPTUN DASH 331J3', 125.94, 1, 'Unisex', 'Negro', 38, 4.9, 'Tecnologia de absorcion de impacto para proteger tus articulaciones.', 'https://irun.pe/wp-content/uploads/2026/01/331M3-web-0-irun-tienda-online-deporte-las-mejores-zapatillas-accesorios-deportivos-hombre-mujer-ninos-futbol-deporte-promocion-peru-compra-ahora.jpg', 1, '2026-04-22 19:07:24'),
(153, 'Zapatillas Running Juvenil I-RUN NEPTUN DASH 331J1', 80.66, 1, 'Unisex', 'Negro', 57, 4.7, 'Tecnologia de absorcion de impacto para proteger tus articulaciones.', 'https://irun.pe/wp-content/uploads/2026/01/331M1-web-0-irun-tienda-online-deporte-las-mejores-zapatillas-accesorios-deportivos-hombre-mujer-ninos-futbol-deporte-promocion-peru-compra-ahora.jpg', 1, '2026-04-22 19:07:24'),
(154, 'Zapatillas Running Juvenil I-RUN SPEEDCORE X 309J2', 82.41, 1, 'Unisex', 'Rojo', 48, 4.9, 'Traccion superior en cualquier superficie para un control total.', 'https://irun.pe/wp-content/uploads/2026/01/309M2-web-0-irun-tienda-online-deporte-las-mejores-zapatillas-accesorios-deportivos-hombre-mujer-ninos-futbol-deporte-promocion-peru-compra-ahora.jpg', 1, '2026-04-22 19:07:24'),
(155, 'Zapatillas Running Juvenil I-RUN SPEEDCORE X 309J1', 149.53, 1, 'Unisex', 'Negro', 35, 4.3, 'Amortiguacion reactiva para maximo rendimiento en cada zancada.', 'https://irun.pe/wp-content/uploads/2026/01/309M1-web-0-irun-tienda-online-deporte-las-mejores-zapatillas-accesorios-deportivos-hombre-mujer-ninos-futbol-deporte-promocion-peru-compra-ahora.jpg', 1, '2026-04-22 19:07:24'),
(156, 'Zapatillas Running Juvenil I-Run KALIBUR 310J3 (5)', 80.39, 1, 'Unisex', 'Negro', 51, 4.9, 'Traccion superior en cualquier superficie para un control total.', 'https://irun.pe/wp-content/uploads/2026/02/310M3-web-0-irun-tienda-online-deporte-las-mejores-zapatillas-accesorios-deportivos-hombre-mujer-ninos-futbol-deporte-promocion-peru-compra-ahora.jpg', 1, '2026-04-22 19:07:24'),
(157, 'Zapatillas Running Juvenil I-RUN NEPTUN DASH 331J3 (2)', 62.00, 1, 'Unisex', 'Negro', 80, 4.3, 'Malla transpirable con soporte lateral reforzado.', 'https://irun.pe/wp-content/uploads/2026/01/331M3-web-0-irun-tienda-online-deporte-las-mejores-zapatillas-accesorios-deportivos-hombre-mujer-ninos-futbol-deporte-promocion-peru-compra-ahora.jpg', 1, '2026-04-22 19:07:24'),
(158, 'Zapatillas Running Juvenil I-RUN NEPTUN DASH 331J1 (2)', 171.86, 1, 'Unisex', 'Blanco', 25, 4.4, 'Traccion superior en cualquier superficie para un control total.', 'https://irun.pe/wp-content/uploads/2026/01/331M1-web-0-irun-tienda-online-deporte-las-mejores-zapatillas-accesorios-deportivos-hombre-mujer-ninos-futbol-deporte-promocion-peru-compra-ahora.jpg', 1, '2026-04-22 19:07:24'),
(159, 'Zapatillas Running Juvenil I-RUN SPEEDCORE X 309J2 (2)', 153.80, 1, 'Unisex', 'Negro', 76, 4.7, 'Amortiguacion reactiva para maximo rendimiento en cada zancada.', 'https://irun.pe/wp-content/uploads/2026/01/309M2-web-0-irun-tienda-online-deporte-las-mejores-zapatillas-accesorios-deportivos-hombre-mujer-ninos-futbol-deporte-promocion-peru-compra-ahora.jpg', 1, '2026-04-22 19:07:24'),
(160, 'Zapatillas Running Juvenil I-RUN SPEEDCORE X 309J1 (2)', 73.58, 1, 'Unisex', 'Gris', 21, 4.1, 'Tecnologia de absorcion de impacto para proteger tus articulaciones.', 'https://irun.pe/wp-content/uploads/2026/01/309M1-web-0-irun-tienda-online-deporte-las-mejores-zapatillas-accesorios-deportivos-hombre-mujer-ninos-futbol-deporte-promocion-peru-compra-ahora.jpg', 1, '2026-04-22 19:07:24'),
(161, 'Zapatillas Urbanas para Niñas I-Run NIMBUS 2000 474N6', 169.39, 1, 'Unisex', 'Negro', 44, 4.3, 'Diseno aerodinamico con suela de respuesta rapida.', 'https://irun.pe/wp-content/uploads/2026/03/474N6-web-0-irun-tienda-online-deporte-las-mejores-zapatillas-accesorios-deportivos-hombre-mujer-ninos-futbol-deporte-promocion-peru-compra-ahora.jpg', 1, '2026-04-22 19:07:24'),
(162, 'Zapatillas Urbanas para Niñas I-Run NIMBUS 2000 474N5', 129.06, 1, 'Unisex', 'Gris', 44, 4.0, 'Malla transpirable con soporte lateral reforzado.', 'https://irun.pe/wp-content/uploads/2026/03/474N5-web-0-irun-tienda-online-deporte-las-mejores-zapatillas-accesorios-deportivos-hombre-mujer-ninos-futbol-deporte-promocion-peru-compra-ahora.jpg', 1, '2026-04-22 19:07:24'),
(163, 'Zapatillas Urbanas para Niños I-Run NIMBUS 2000 474N1', 128.08, 1, 'Unisex', 'Negro', 55, 4.0, 'Traccion superior en cualquier superficie para un control total.', 'https://irun.pe/wp-content/uploads/2026/03/474N1-web-0-irun-tienda-online-deporte-las-mejores-zapatillas-accesorios-deportivos-hombre-mujer-ninos-futbol-deporte-promocion-peru-compra-ahora.jpg', 1, '2026-04-22 19:07:24'),
(164, 'Zapatillas Urbanas para Niños I-Run KOVAK 438N9', 154.11, 1, 'Unisex', 'Negro', 56, 4.9, 'Traccion superior en cualquier superficie para un control total.', 'https://irun.pe/wp-content/uploads/2026/03/438N9-web-0-irun-tienda-online-deporte-las-mejores-zapatillas-accesorios-deportivos-hombre-mujer-ninos-futbol-deporte-promocion-peru-compra-ahora.jpg', 1, '2026-04-22 19:07:24'),
(165, 'Zapatillas Urbanas para Niños I-Run KOVAK 438N7', 131.99, 1, 'Unisex', 'Negro', 21, 4.3, 'Malla transpirable con soporte lateral reforzado.', 'https://irun.pe/wp-content/uploads/2026/03/438N7-web-0-irun-tienda-online-deporte-las-mejores-zapatillas-accesorios-deportivos-hombre-mujer-ninos-futbol-deporte-promocion-peru-compra-ahora.jpg', 1, '2026-04-22 19:07:24'),
(166, 'Zapatillas Urbanas para Niñas I-Run NIMBUS 2000 474N6 (2)', 121.14, 1, 'Unisex', 'Negro', 63, 4.7, 'Traccion superior en cualquier superficie para un control total.', 'https://irun.pe/wp-content/uploads/2026/03/474N6-web-0-irun-tienda-online-deporte-las-mejores-zapatillas-accesorios-deportivos-hombre-mujer-ninos-futbol-deporte-promocion-peru-compra-ahora.jpg', 1, '2026-04-22 19:07:24'),
(167, 'Zapatillas Urbanas para Niñas I-Run NIMBUS 2000 474N5 (2)', 63.07, 1, 'Unisex', 'Blanco', 79, 4.2, 'Tecnologia de absorcion de impacto para proteger tus articulaciones.', 'https://irun.pe/wp-content/uploads/2026/03/474N5-web-0-irun-tienda-online-deporte-las-mejores-zapatillas-accesorios-deportivos-hombre-mujer-ninos-futbol-deporte-promocion-peru-compra-ahora.jpg', 1, '2026-04-22 19:07:24'),
(168, 'Zapatillas Urbanas para Niños I-Run NIMBUS 2000 474N1 (2)', 77.91, 1, 'Unisex', 'Blanco', 70, 4.6, 'Tecnologia de absorcion de impacto para proteger tus articulaciones.', 'https://irun.pe/wp-content/uploads/2026/03/474N1-web-0-irun-tienda-online-deporte-las-mejores-zapatillas-accesorios-deportivos-hombre-mujer-ninos-futbol-deporte-promocion-peru-compra-ahora.jpg', 1, '2026-04-22 19:07:24'),
(169, 'Zapatillas Urbanas para Niños I-Run KOVAK 438N9 (2)', 77.54, 1, 'Unisex', 'Negro', 51, 4.6, 'Amortiguacion reactiva para maximo rendimiento en cada zancada.', 'https://irun.pe/wp-content/uploads/2026/03/438N9-web-0-irun-tienda-online-deporte-las-mejores-zapatillas-accesorios-deportivos-hombre-mujer-ninos-futbol-deporte-promocion-peru-compra-ahora.jpg', 1, '2026-04-22 19:07:24'),
(170, 'Zapatillas Urbanas para Niños I-Run KOVAK 438N7 (2)', 124.32, 1, 'Unisex', 'Negro', 8, 4.8, 'Tecnologia de absorcion de impacto para proteger tus articulaciones.', 'https://irun.pe/wp-content/uploads/2026/03/438N7-web-0-irun-tienda-online-deporte-las-mejores-zapatillas-accesorios-deportivos-hombre-mujer-ninos-futbol-deporte-promocion-peru-compra-ahora.jpg', 1, '2026-04-22 19:07:24'),
(171, 'Zapatillas Fútbol para Niño I-RUN PRO SPACE E165N6', 98.75, 1, 'Unisex', 'Blanco', 37, 4.9, 'Tecnologia de absorcion de impacto para proteger tus articulaciones.', 'https://irun.pe/wp-content/uploads/2025/06/E165M6-web-0-irun-tienda-online-deporte-las-mejores-zapatillas-accesorios-deportivos-hombre-mujer-ninos-futbol-deporte-promocion-peru-compra-ahora.jpg', 1, '2026-04-22 19:07:24'),
(172, 'Zapatillas Fútbol para Niño I-RUN PRO SPACE E165N4', 155.47, 1, 'Unisex', 'Negro', 18, 4.7, 'Diseno aerodinamico con suela de respuesta rapida.', 'https://irun.pe/wp-content/uploads/2025/06/E165M4-web-0-irun-tienda-online-deporte-las-mejores-zapatillas-accesorios-deportivos-hombre-mujer-ninos-futbol-deporte-promocion-peru-compra-ahora.jpg', 1, '2026-04-22 19:07:24'),
(173, 'Zapatillas Fútbol para Niños I-RUN PRO ADVANCED E164N6', 115.98, 1, 'Unisex', 'Negro', 30, 4.7, 'Tecnologia de absorcion de impacto para proteger tus articulaciones.', 'https://irun.pe/wp-content/uploads/2025/06/E164M6-web-0-irun-tienda-online-deporte-las-mejores-zapatillas-accesorios-deportivos-hombre-mujer-ninos-futbol-deporte-promocion-peru-compra-ahora.jpg', 1, '2026-04-22 19:07:24'),
(174, 'Zapatillas Fútbol para Niños I-RUN ADVANTAGE E167N2', 181.13, 1, 'Unisex', 'Azul', 65, 4.3, 'Tecnologia de absorcion de impacto para proteger tus articulaciones.', 'https://irun.pe/wp-content/uploads/2025/06/E167M2-web-0-irun-tienda-online-deporte-las-mejores-zapatillas-accesorios-deportivos-hombre-mujer-ninos-futbol-deporte-promocion-peru-compra-ahora.jpg', 1, '2026-04-22 19:07:24'),
(175, 'Zapatillas Fútbol para Niños I-RUN THUNDER E156N3', 144.69, 1, 'Unisex', 'Negro', 41, 4.3, 'Amortiguacion reactiva para maximo rendimiento en cada zancada.', 'https://irun.pe/wp-content/uploads/2025/04/E156M3-web-0-irun-tienda-online-deporte-las-mejores-zapatillas-accesorios-deportivos-hombre-mujer-ninos-futbol-deporte-promocion-peru-compra-ahora.jpg', 1, '2026-04-22 19:07:24'),
(176, 'Zapatillas Urbanas Para Bebés Irun Vandal Z10 536B3', 78.09, 1, 'Unisex', 'Negro', 53, 4.5, 'Malla transpirable con soporte lateral reforzado.', 'https://irun.pe/wp-content/uploads/2026/03/536B3-web-0-bostep-tienda-online-deporte-las-mejores-zapatillas-accesorios-deportivos-hombre-mujer-ninos-futbol-deporte-promocion-peru-compra-ahora.jpg', 1, '2026-04-22 19:07:24'),
(177, 'Zapatillas Urbanas Para Bebés Irun Vandal Z10 536B2', 176.48, 1, 'Unisex', 'Blanco', 11, 4.6, 'Malla transpirable con soporte lateral reforzado.', 'https://irun.pe/wp-content/uploads/2026/03/536B2-web-0-irun-tienda-online-deporte-las-mejores-zapatillas-accesorios-deportivos-hombre-mujer-ninos-futbol-deporte-promocion-peru-compra-ahora.jpg', 1, '2026-04-22 19:07:24'),
(178, 'Zapatillas Urbanas Para Bebés Irun Vandal Z10 536B1', 109.32, 1, 'Unisex', 'Blanco', 61, 4.2, 'Malla transpirable con soporte lateral reforzado.', 'https://irun.pe/wp-content/uploads/2026/03/536B1-web-0-irun-tienda-online-deporte-las-mejores-zapatillas-accesorios-deportivos-hombre-mujer-ninos-futbol-deporte-promocion-peru-compra-ahora.jpg', 1, '2026-04-22 19:07:24'),
(179, 'Zapatillas Urbanas Para Bebés Irun Vandal 535B3', 103.01, 1, 'Unisex', 'Blanco', 23, 4.5, 'Tecnologia de absorcion de impacto para proteger tus articulaciones.', 'https://irun.pe/wp-content/uploads/2026/03/535B3-web-0-irun-tienda-online-deporte-las-mejores-zapatillas-accesorios-deportivos-hombre-mujer-ninos-futbol-deporte-promocion-peru-compra-ahora.jpg', 1, '2026-04-22 19:07:24'),
(180, 'Zapatillas Urbanas Para Bebés Irun Vandal 535B2', 163.61, 1, 'Unisex', 'Negro', 29, 3.8, 'Malla transpirable con soporte lateral reforzado.', 'https://irun.pe/wp-content/uploads/2026/03/535B2-web-0-irun-tienda-online-deporte-las-mejores-zapatillas-accesorios-deportivos-hombre-mujer-ninos-futbol-deporte-promocion-peru-compra-ahora.jpg', 1, '2026-04-22 19:07:24'),
(181, 'Zapatillas Urbanas para Niñas I-Run NIMBUS 2000 474N6 (3)', 140.33, 1, 'Unisex', 'Negro', 72, 4.4, 'Malla transpirable con soporte lateral reforzado.', 'https://irun.pe/wp-content/uploads/2026/03/474N6-web-0-irun-tienda-online-deporte-las-mejores-zapatillas-accesorios-deportivos-hombre-mujer-ninos-futbol-deporte-promocion-peru-compra-ahora.jpg', 1, '2026-04-22 19:07:24'),
(182, 'Zapatillas Urbanas para Niñas I-Run NIMBUS 2000 474N5 (3)', 124.07, 1, 'Unisex', 'Rojo', 54, 4.6, 'Malla transpirable con soporte lateral reforzado.', 'https://irun.pe/wp-content/uploads/2026/03/474N5-web-0-irun-tienda-online-deporte-las-mejores-zapatillas-accesorios-deportivos-hombre-mujer-ninos-futbol-deporte-promocion-peru-compra-ahora.jpg', 1, '2026-04-22 19:07:24'),
(183, 'Zapatillas Urbanas para Niños I-Run NIMBUS 2000 474N1 (3)', 150.36, 1, 'Unisex', 'Negro', 42, 4.3, 'Traccion superior en cualquier superficie para un control total.', 'https://irun.pe/wp-content/uploads/2026/03/474N1-web-0-irun-tienda-online-deporte-las-mejores-zapatillas-accesorios-deportivos-hombre-mujer-ninos-futbol-deporte-promocion-peru-compra-ahora.jpg', 1, '2026-04-22 19:07:24'),
(184, 'Zapatillas Urbanas para Niños I-Run KOVAK 438N9 (3)', 117.16, 1, 'Unisex', 'Negro', 18, 3.9, 'Malla transpirable con soporte lateral reforzado.', 'https://irun.pe/wp-content/uploads/2026/03/438N9-web-0-irun-tienda-online-deporte-las-mejores-zapatillas-accesorios-deportivos-hombre-mujer-ninos-futbol-deporte-promocion-peru-compra-ahora.jpg', 1, '2026-04-22 19:07:24'),
(185, 'Zapatillas Urbanas para Niños I-Run KOVAK 438N7 (3)', 183.48, 1, 'Unisex', 'Negro', 8, 5.0, 'Malla transpirable con soporte lateral reforzado.', 'https://irun.pe/wp-content/uploads/2026/03/438N7-web-0-irun-tienda-online-deporte-las-mejores-zapatillas-accesorios-deportivos-hombre-mujer-ninos-futbol-deporte-promocion-peru-compra-ahora.jpg', 1, '2026-04-22 19:07:24'),
(186, 'MALETIN DEPORTIVO CONVERTIBLE 2 EN 1 KISSIN 7535 KHAKI', 72.82, 4, 'Unisex', 'Rojo', 9, 4.3, 'Material premium resistente al desgaste diario.', 'https://irun.pe/wp-content/uploads/2026/04/7535-KHAKI-web-0-irun-tienda-online-deporte-las-mejores-zapatillas-accesorios-deportivos-hombre-mujer-ninos-futbol-deporte-promocion-peru-compra-ahora.jpg', 1, '2026-04-22 19:07:24'),
(187, 'MALETIN DEPORTIVO ANNET 7533 BLUE', 74.68, 4, 'Unisex', 'Blanco', 22, 4.2, 'Diseno ergonomico pensado para el deportista exigente.', 'https://irun.pe/wp-content/uploads/2026/04/7533-BLUE-web-0-irun-tienda-online-deporte-las-mejores-zapatillas-accesorios-deportivos-hombre-mujer-ninos-futbol-deporte-promocion-peru-compra-ahora.jpg', 1, '2026-04-22 19:07:24'),
(188, 'MALETIN DEPORTIVO KELAIN PARA MUJER 7506 PURPLE', 42.85, 4, 'Mujer', 'Rojo', 80, 4.3, 'Tecnologia de monitoreo de actividad y ritmo cardiaco.', 'https://irun.pe/wp-content/uploads/2026/04/7506-PURPLE-web-0-irun-tienda-online-deporte-las-mejores-zapatillas-accesorios-deportivos-hombre-mujer-ninos-futbol-deporte-promocion-peru-compra-ahora.jpg', 1, '2026-04-22 19:07:24'),
(189, 'MALETIN DEPORTIVO KELAIN PARA MUJER 7506 BLACK', 59.52, 4, 'Mujer', 'Negro', 65, 3.9, 'Material premium resistente al desgaste diario.', 'https://irun.pe/wp-content/uploads/2026/04/7506-BLACK-web-0-irun-tienda-online-deporte-las-mejores-zapatillas-accesorios-deportivos-hombre-mujer-ninos-futbol-deporte-promocion-peru-compra-ahora.jpg', 1, '2026-04-22 19:07:24'),
(190, 'MOCHILA VIAJERA POTALAPTOP HALEY PARA MUJER H910 LILA', 60.90, 2, 'Mujer', 'Negro', 23, 4.5, 'Costuras planas para evitar rozaduras en carreras largas.', 'https://irun.pe/wp-content/uploads/2026/04/H910_LILA-web-0-irun-tienda-online-deporte-las-mejores-zapatillas-accesorios-deportivos-hombre-mujer-ninos-futbol-deporte-promocion-peru-compra-ahora.jpg', 1, '2026-04-22 19:07:24'),
(191, 'MALETIN DEPORTIVO CONVERTIBLE 2 EN 1 KISSIN 7535 KHAKI (2)', 88.67, 4, 'Unisex', 'Negro', 66, 4.0, 'Material premium resistente al desgaste diario.', 'https://irun.pe/wp-content/uploads/2026/04/7535-KHAKI-web-0-irun-tienda-online-deporte-las-mejores-zapatillas-accesorios-deportivos-hombre-mujer-ninos-futbol-deporte-promocion-peru-compra-ahora.jpg', 1, '2026-04-22 19:07:24'),
(192, 'MALETIN DEPORTIVO ANNET 7533 BLUE (2)', 25.47, 4, 'Unisex', 'Negro', 36, 4.3, 'Diseno ergonomico pensado para el deportista exigente.', 'https://irun.pe/wp-content/uploads/2026/04/7533-BLUE-web-0-irun-tienda-online-deporte-las-mejores-zapatillas-accesorios-deportivos-hombre-mujer-ninos-futbol-deporte-promocion-peru-compra-ahora.jpg', 1, '2026-04-22 19:07:24'),
(193, 'MALETIN DEPORTIVO KELAIN PARA MUJER 7506 PURPLE (2)', 75.16, 4, 'Mujer', 'Azul', 42, 4.0, 'Diseno ergonomico pensado para el deportista exigente.', 'https://irun.pe/wp-content/uploads/2026/04/7506-PURPLE-web-0-irun-tienda-online-deporte-las-mejores-zapatillas-accesorios-deportivos-hombre-mujer-ninos-futbol-deporte-promocion-peru-compra-ahora.jpg', 1, '2026-04-22 19:07:24'),
(194, 'MALETIN DEPORTIVO KELAIN PARA MUJER 7506 BLACK (2)', 74.58, 4, 'Mujer', 'Blanco', 23, 4.9, 'Material premium resistente al desgaste diario.', 'https://irun.pe/wp-content/uploads/2026/04/7506-BLACK-web-0-irun-tienda-online-deporte-las-mejores-zapatillas-accesorios-deportivos-hombre-mujer-ninos-futbol-deporte-promocion-peru-compra-ahora.jpg', 1, '2026-04-22 19:07:24'),
(195, 'MOCHILA VIAJERA POTALAPTOP HALEY PARA MUJER H910 LILA (2)', 52.55, 4, 'Mujer', 'Blanco', 52, 4.6, 'Diseno ergonomico pensado para el deportista exigente.', 'https://irun.pe/wp-content/uploads/2026/04/H910_LILA-web-0-irun-tienda-online-deporte-las-mejores-zapatillas-accesorios-deportivos-hombre-mujer-ninos-futbol-deporte-promocion-peru-compra-ahora.jpg', 1, '2026-04-22 19:07:24'),
(196, 'MALETIN DEPORTIVO CONVERTIBLE 2 EN 1 KISSIN 7535 KHAKI (3)', 35.78, 4, 'Unisex', 'Blanco', 58, 4.9, 'Ajuste personalizado para maximo confort durante el entrenamiento.', 'https://irun.pe/wp-content/uploads/2026/04/7535-KHAKI-web-0-irun-tienda-online-deporte-las-mejores-zapatillas-accesorios-deportivos-hombre-mujer-ninos-futbol-deporte-promocion-peru-compra-ahora.jpg', 1, '2026-04-22 19:07:24'),
(197, 'MALETIN DEPORTIVO ANNET 7533 BLUE (3)', 61.63, 4, 'Unisex', 'Blanco', 64, 4.7, 'Ajuste personalizado para maximo confort durante el entrenamiento.', 'https://irun.pe/wp-content/uploads/2026/04/7533-BLUE-web-0-irun-tienda-online-deporte-las-mejores-zapatillas-accesorios-deportivos-hombre-mujer-ninos-futbol-deporte-promocion-peru-compra-ahora.jpg', 1, '2026-04-22 19:07:24'),
(198, 'MALETIN DEPORTIVO KELAIN PARA MUJER 7506 PURPLE (3)', 36.96, 4, 'Mujer', 'Blanco', 75, 4.6, 'Ajuste personalizado para maximo confort durante el entrenamiento.', 'https://irun.pe/wp-content/uploads/2026/04/7506-PURPLE-web-0-irun-tienda-online-deporte-las-mejores-zapatillas-accesorios-deportivos-hombre-mujer-ninos-futbol-deporte-promocion-peru-compra-ahora.jpg', 1, '2026-04-22 19:07:24'),
(199, 'MALETIN DEPORTIVO KELAIN PARA MUJER 7506 BLACK (3)', 65.71, 4, 'Mujer', 'Negro', 28, 4.5, 'Ajuste personalizado para maximo confort durante el entrenamiento.', 'https://irun.pe/wp-content/uploads/2026/04/7506-BLACK-web-0-irun-tienda-online-deporte-las-mejores-zapatillas-accesorios-deportivos-hombre-mujer-ninos-futbol-deporte-promocion-peru-compra-ahora.jpg', 1, '2026-04-22 19:07:24'),
(200, 'MOCHILA VIAJERA POTALAPTOP HALEY PARA MUJER H910 LILA (3)', 76.18, 4, 'Mujer', 'Negro', 62, 4.7, 'Aislamiento termico que mantiene tu bebida fria por 24 horas.', 'https://irun.pe/wp-content/uploads/2026/04/H910_LILA-web-0-irun-tienda-online-deporte-las-mejores-zapatillas-accesorios-deportivos-hombre-mujer-ninos-futbol-deporte-promocion-peru-compra-ahora.jpg', 1, '2026-04-22 19:07:24'),
(201, 'MOCHILA PORTALAPTOP BONNE H943 GRIS', 41.72, 4, 'Unisex', 'Negro', 20, 4.4, 'Ajuste personalizado para maximo confort durante el entrenamiento.', 'https://irun.pe/wp-content/uploads/2026/04/H943_GRIS-web-0-irun-tienda-online-deporte-las-mejores-zapatillas-accesorios-deportivos-hombre-mujer-ninos-futbol-deporte-promocion-peru-compra-ahora-2.jpg', 1, '2026-04-22 19:07:24'),
(202, 'MOCHILA PORTALAPTOP  BONNE H943 NEGRO', 63.86, 4, 'Unisex', 'Negro', 27, 4.2, 'Diseno ergonomico pensado para el deportista exigente.', 'https://irun.pe/wp-content/uploads/2026/04/H943_MARINO.jpg', 1, '2026-04-22 19:07:24'),
(203, 'MOCHILA PORTALAPTOP BIGGEST H942 AZUL MARINO', 21.17, 4, 'Unisex', 'Negro', 36, 5.0, 'Aislamiento termico que mantiene tu bebida fria por 24 horas.', 'https://irun.pe/wp-content/uploads/2026/04/H942_AZUL-MARINO-web-0-irun-tienda-online-deporte-las-mejores-zapatillas-accesorios-deportivos-hombre-mujer-ninos-futbol-deporte-promocion-peru-compra-ahora.jpg', 1, '2026-04-22 19:07:24'),
(204, 'MOCHILA ESCOLAR DRUMS I-RUN H1000 NEGRO', 15.71, 4, 'Unisex', 'Negro', 54, 3.9, 'Diseno ergonomico pensado para el deportista exigente.', 'https://irun.pe/wp-content/uploads/2026/04/H1000-NEGRO-web-0-irun-tienda-online-deporte-las-mejores-zapatillas-accesorios-deportivos-hombre-mujer-ninos-futbol-deporte-promocion-peru-compra-ahora.jpg', 1, '2026-04-22 19:07:24');

-- --------------------------------------------------------

--
-- Estructura de tabla para la tabla `producto_colores`
--

CREATE TABLE `producto_colores` (
  `producto_id` smallint(5) UNSIGNED NOT NULL,
  `color` varchar(50) NOT NULL
) ENGINE=InnoDB DEFAULT CHARSET=utf8mb4 COLLATE=utf8mb4_unicode_ci;

--
-- Volcado de datos para la tabla `producto_colores`
--

INSERT INTO `producto_colores` (`producto_id`, `color`) VALUES
(1, 'Negro'),
(1, 'Verde'),
(2, 'Azul'),
(2, 'Blanco'),
(2, 'Gris'),
(2, 'Rojo'),
(2, 'Verde'),
(3, 'Azul'),
(3, 'Gris'),
(4, 'Azul'),
(4, 'Gris'),
(4, 'Verde'),
(5, 'Blanco'),
(5, 'Gris'),
(5, 'Negro'),
(5, 'Rojo'),
(5, 'Verde'),
(6, 'Azul'),
(6, 'Blanco'),
(6, 'Negro'),
(6, 'Rojo'),
(7, 'Azul'),
(7, 'Blanco'),
(7, 'Gris'),
(7, 'Negro'),
(7, 'Rojo'),
(7, 'Verde'),
(8, 'Azul'),
(8, 'Blanco'),
(8, 'Gris'),
(8, 'Negro'),
(8, 'Rojo'),
(8, 'Verde'),
(9, 'Gris'),
(9, 'Negro'),
(9, 'Rojo'),
(9, 'Verde'),
(10, 'Gris'),
(10, 'Negro'),
(10, 'Rojo'),
(11, 'Azul'),
(11, 'Gris'),
(11, 'Verde'),
(12, 'Azul'),
(12, 'Blanco'),
(12, 'Negro'),
(13, 'Negro'),
(13, 'Verde'),
(14, 'Azul'),
(14, 'Blanco'),
(14, 'Gris'),
(14, 'Verde'),
(15, 'Azul'),
(15, 'Blanco'),
(15, 'Negro'),
(15, 'Verde'),
(16, 'Azul'),
(16, 'Negro'),
(16, 'Rojo'),
(17, 'Azul'),
(17, 'Blanco'),
(17, 'Gris'),
(17, 'Rojo'),
(18, 'Blanco'),
(18, 'Verde'),
(19, 'Azul'),
(19, 'Blanco'),
(19, 'Rojo'),
(20, 'Blanco'),
(20, 'Negro'),
(20, 'Rojo'),
(21, 'Blanco'),
(21, 'Negro'),
(21, 'Verde'),
(22, 'Blanco'),
(22, 'Gris'),
(22, 'Negro'),
(22, 'Rojo'),
(22, 'Verde'),
(23, 'Azul'),
(23, 'Blanco'),
(24, 'Azul'),
(24, 'Gris'),
(24, 'Negro'),
(24, 'Rojo'),
(25, 'Azul'),
(25, 'Blanco'),
(25, 'Gris'),
(25, 'Negro'),
(25, 'Verde'),
(26, 'Azul'),
(26, 'Verde'),
(27, 'Blanco'),
(27, 'Gris'),
(27, 'Verde'),
(28, 'Azul'),
(28, 'Blanco'),
(28, 'Negro'),
(28, 'Rojo'),
(28, 'Verde'),
(29, 'Azul'),
(29, 'Blanco'),
(29, 'Gris'),
(29, 'Rojo'),
(29, 'Verde'),
(30, 'Azul'),
(30, 'Negro'),
(30, 'Rojo'),
(30, 'Verde'),
(31, 'Azul'),
(31, 'Blanco'),
(31, 'Gris'),
(31, 'Negro'),
(31, 'Rojo'),
(31, 'Verde'),
(32, 'Gris'),
(32, 'Negro'),
(32, 'Rojo'),
(32, 'Verde'),
(33, 'Azul'),
(33, 'Blanco'),
(33, 'Gris'),
(33, 'Negro'),
(33, 'Verde'),
(34, 'Azul'),
(34, 'Gris'),
(34, 'Rojo'),
(34, 'Verde'),
(35, 'Azul'),
(35, 'Blanco'),
(35, 'Gris'),
(35, 'Negro'),
(35, 'Rojo'),
(35, 'Verde'),
(36, 'Blanco'),
(36, 'Gris'),
(37, 'Blanco'),
(37, 'Negro'),
(37, 'Rojo'),
(37, 'Verde'),
(38, 'Azul'),
(38, 'Blanco'),
(38, 'Negro'),
(38, 'Rojo'),
(39, 'Azul'),
(39, 'Rojo'),
(40, 'Azul'),
(40, 'Blanco'),
(40, 'Negro'),
(40, 'Rojo'),
(40, 'Verde'),
(41, 'Azul'),
(41, 'Blanco'),
(41, 'Gris'),
(41, 'Rojo'),
(41, 'Verde'),
(42, 'Azul'),
(42, 'Blanco'),
(42, 'Gris'),
(42, 'Negro'),
(42, 'Rojo'),
(42, 'Verde'),
(43, 'Azul'),
(43, 'Blanco'),
(43, 'Rojo'),
(43, 'Verde'),
(44, 'Azul'),
(44, 'Gris'),
(44, 'Negro'),
(44, 'Rojo'),
(44, 'Verde'),
(45, 'Blanco'),
(45, 'Rojo'),
(46, 'Azul'),
(46, 'Gris'),
(46, 'Negro'),
(46, 'Rojo'),
(46, 'Verde'),
(47, 'Azul'),
(47, 'Blanco'),
(47, 'Negro'),
(47, 'Rojo'),
(47, 'Verde'),
(48, 'Azul'),
(48, 'Blanco'),
(49, 'Gris'),
(49, 'Verde'),
(50, 'Rojo'),
(50, 'Verde'),
(51, 'Blanco'),
(51, 'Gris'),
(51, 'Negro'),
(51, 'Rojo'),
(51, 'Verde'),
(52, 'Azul'),
(52, 'Blanco'),
(52, 'Gris'),
(52, 'Negro'),
(52, 'Rojo'),
(53, 'Azul'),
(53, 'Gris'),
(53, 'Negro'),
(53, 'Rojo'),
(54, 'Azul'),
(54, 'Blanco'),
(54, 'Gris'),
(54, 'Negro'),
(54, 'Rojo'),
(54, 'Verde'),
(55, 'Azul'),
(55, 'Negro'),
(56, 'Azul'),
(56, 'Gris'),
(56, 'Negro'),
(56, 'Rojo'),
(56, 'Verde'),
(57, 'Azul'),
(57, 'Blanco'),
(57, 'Negro'),
(58, 'Blanco'),
(58, 'Gris'),
(59, 'Azul'),
(59, 'Negro'),
(59, 'Rojo'),
(60, 'Azul'),
(60, 'Verde'),
(61, 'Azul'),
(61, 'Blanco'),
(61, 'Negro'),
(61, 'Verde'),
(62, 'Blanco'),
(62, 'Gris'),
(62, 'Negro'),
(62, 'Rojo'),
(63, 'Azul'),
(63, 'Blanco'),
(63, 'Gris'),
(63, 'Negro'),
(63, 'Rojo'),
(63, 'Verde'),
(64, 'Negro'),
(64, 'Verde'),
(65, 'Gris'),
(65, 'Verde'),
(66, 'Azul'),
(66, 'Gris'),
(66, 'Rojo'),
(67, 'Azul'),
(67, 'Blanco'),
(67, 'Gris'),
(67, 'Negro'),
(67, 'Rojo'),
(68, 'Azul'),
(68, 'Blanco'),
(68, 'Gris'),
(68, 'Negro'),
(68, 'Rojo'),
(68, 'Verde'),
(69, 'Azul'),
(69, 'Rojo'),
(70, 'Gris'),
(70, 'Rojo'),
(71, 'Azul'),
(71, 'Blanco'),
(71, 'Gris'),
(71, 'Negro'),
(71, 'Rojo'),
(71, 'Verde'),
(72, 'Gris'),
(72, 'Negro'),
(72, 'Verde'),
(73, 'Azul'),
(73, 'Blanco'),
(73, 'Gris'),
(73, 'Rojo'),
(73, 'Verde'),
(74, 'Azul'),
(74, 'Blanco'),
(74, 'Gris'),
(74, 'Negro'),
(74, 'Rojo'),
(74, 'Verde'),
(75, 'Blanco'),
(75, 'Negro'),
(75, 'Rojo'),
(75, 'Verde'),
(76, 'Azul'),
(76, 'Blanco'),
(76, 'Gris'),
(76, 'Negro'),
(76, 'Rojo'),
(76, 'Verde'),
(77, 'Azul'),
(77, 'Blanco'),
(77, 'Gris'),
(77, 'Negro'),
(77, 'Rojo'),
(77, 'Verde'),
(78, 'Gris'),
(78, 'Negro'),
(78, 'Rojo'),
(79, 'Azul'),
(79, 'Blanco'),
(79, 'Gris'),
(79, 'Negro'),
(79, 'Rojo'),
(79, 'Verde'),
(80, 'Azul'),
(80, 'Blanco'),
(80, 'Rojo'),
(80, 'Verde'),
(81, 'Azul'),
(81, 'Blanco'),
(81, 'Gris'),
(81, 'Negro'),
(82, 'Blanco'),
(82, 'Verde'),
(83, 'Azul'),
(83, 'Blanco'),
(83, 'Gris'),
(83, 'Negro'),
(83, 'Rojo'),
(83, 'Verde'),
(84, 'Azul'),
(84, 'Gris'),
(84, 'Rojo'),
(85, 'Azul'),
(85, 'Gris'),
(85, 'Verde'),
(86, 'Azul'),
(86, 'Blanco'),
(86, 'Gris'),
(86, 'Negro'),
(86, 'Rojo'),
(86, 'Verde'),
(87, 'Blanco'),
(87, 'Negro'),
(87, 'Rojo'),
(87, 'Verde'),
(88, 'Blanco'),
(88, 'Gris'),
(88, 'Negro'),
(88, 'Rojo'),
(88, 'Verde'),
(89, 'Blanco'),
(89, 'Gris'),
(89, 'Negro'),
(89, 'Rojo'),
(89, 'Verde'),
(90, 'Azul'),
(90, 'Blanco'),
(90, 'Gris'),
(90, 'Negro'),
(90, 'Rojo'),
(90, 'Verde'),
(91, 'Azul'),
(91, 'Blanco'),
(91, 'Negro'),
(91, 'Rojo'),
(91, 'Verde'),
(92, 'Azul'),
(92, 'Blanco'),
(92, 'Gris'),
(92, 'Negro'),
(92, 'Rojo'),
(92, 'Verde'),
(93, 'Blanco'),
(93, 'Gris'),
(93, 'Negro'),
(94, 'Azul'),
(94, 'Blanco'),
(94, 'Gris'),
(94, 'Negro'),
(94, 'Rojo'),
(94, 'Verde'),
(95, 'Azul'),
(95, 'Blanco'),
(95, 'Gris'),
(95, 'Negro'),
(95, 'Verde'),
(96, 'Azul'),
(96, 'Blanco'),
(96, 'Gris'),
(96, 'Negro'),
(96, 'Rojo'),
(96, 'Verde'),
(97, 'Blanco'),
(97, 'Gris'),
(98, 'Azul'),
(98, 'Blanco'),
(98, 'Gris'),
(98, 'Negro'),
(98, 'Rojo'),
(98, 'Verde'),
(99, 'Azul'),
(99, 'Gris'),
(99, 'Rojo'),
(99, 'Verde'),
(100, 'Gris'),
(100, 'Negro'),
(100, 'Rojo'),
(100, 'Verde'),
(101, 'Azul'),
(101, 'Rojo'),
(102, 'Azul'),
(102, 'Gris'),
(103, 'Azul'),
(103, 'Gris'),
(103, 'Negro'),
(103, 'Rojo'),
(103, 'Verde'),
(104, 'Blanco'),
(104, 'Gris'),
(104, 'Verde'),
(105, 'Blanco'),
(105, 'Gris'),
(105, 'Negro'),
(105, 'Rojo'),
(106, 'Azul'),
(106, 'Blanco'),
(106, 'Gris'),
(106, 'Rojo'),
(106, 'Verde'),
(107, 'Azul'),
(107, 'Blanco'),
(107, 'Negro'),
(107, 'Verde'),
(108, 'Azul'),
(108, 'Blanco'),
(108, 'Gris'),
(108, 'Negro'),
(108, 'Rojo'),
(108, 'Verde'),
(109, 'Gris'),
(109, 'Verde'),
(110, 'Azul'),
(110, 'Blanco'),
(110, 'Gris'),
(110, 'Negro'),
(110, 'Rojo'),
(110, 'Verde'),
(111, 'Azul'),
(111, 'Blanco'),
(111, 'Verde'),
(112, 'Azul'),
(112, 'Blanco'),
(112, 'Gris'),
(112, 'Negro'),
(112, 'Rojo'),
(112, 'Verde'),
(113, 'Azul'),
(113, 'Blanco'),
(113, 'Gris'),
(113, 'Negro'),
(113, 'Verde'),
(114, 'Azul'),
(114, 'Blanco'),
(114, 'Gris'),
(114, 'Negro'),
(114, 'Rojo'),
(114, 'Verde'),
(115, 'Azul'),
(115, 'Blanco'),
(115, 'Gris'),
(115, 'Negro'),
(115, 'Rojo'),
(116, 'Gris'),
(116, 'Verde'),
(117, 'Azul'),
(117, 'Gris'),
(117, 'Verde'),
(118, 'Azul'),
(118, 'Blanco'),
(118, 'Gris'),
(118, 'Negro'),
(118, 'Verde'),
(119, 'Azul'),
(119, 'Blanco'),
(119, 'Gris'),
(119, 'Negro'),
(119, 'Rojo'),
(120, 'Gris'),
(120, 'Negro'),
(120, 'Rojo'),
(120, 'Verde'),
(121, 'Azul'),
(121, 'Blanco'),
(121, 'Rojo'),
(121, 'Verde'),
(122, 'Azul'),
(122, 'Blanco'),
(122, 'Gris'),
(122, 'Negro'),
(122, 'Rojo'),
(122, 'Verde'),
(123, 'Azul'),
(123, 'Blanco'),
(123, 'Verde'),
(124, 'Azul'),
(124, 'Gris'),
(124, 'Negro'),
(124, 'Rojo'),
(125, 'Blanco'),
(125, 'Gris'),
(125, 'Negro'),
(125, 'Rojo'),
(125, 'Verde'),
(126, 'Azul'),
(126, 'Blanco'),
(126, 'Gris'),
(126, 'Rojo'),
(126, 'Verde'),
(127, 'Blanco'),
(127, 'Gris'),
(127, 'Negro'),
(127, 'Rojo'),
(127, 'Verde'),
(128, 'Blanco'),
(128, 'Rojo'),
(129, 'Azul'),
(129, 'Blanco'),
(129, 'Gris'),
(129, 'Negro'),
(129, 'Rojo'),
(129, 'Verde'),
(130, 'Blanco'),
(130, 'Gris'),
(130, 'Rojo'),
(131, 'Blanco'),
(131, 'Gris'),
(131, 'Verde'),
(132, 'Azul'),
(132, 'Blanco'),
(132, 'Gris'),
(132, 'Negro'),
(132, 'Rojo'),
(132, 'Verde'),
(133, 'Blanco'),
(133, 'Rojo'),
(133, 'Verde'),
(134, 'Azul'),
(134, 'Gris'),
(134, 'Negro'),
(134, 'Rojo'),
(135, 'Negro'),
(135, 'Verde'),
(136, 'Azul'),
(136, 'Blanco'),
(136, 'Negro'),
(137, 'Negro'),
(137, 'Verde'),
(138, 'Azul'),
(138, 'Blanco'),
(138, 'Gris'),
(138, 'Negro'),
(138, 'Rojo'),
(138, 'Verde'),
(139, 'Azul'),
(139, 'Blanco'),
(140, 'Azul'),
(140, 'Blanco'),
(140, 'Gris'),
(140, 'Negro'),
(140, 'Rojo'),
(140, 'Verde'),
(141, 'Azul'),
(141, 'Blanco'),
(141, 'Negro'),
(141, 'Rojo'),
(141, 'Verde'),
(142, 'Azul'),
(142, 'Blanco'),
(142, 'Negro'),
(142, 'Rojo'),
(142, 'Verde'),
(143, 'Azul'),
(143, 'Negro'),
(143, 'Verde'),
(144, 'Azul'),
(144, 'Blanco'),
(144, 'Gris'),
(144, 'Negro'),
(144, 'Rojo'),
(144, 'Verde'),
(145, 'Blanco'),
(145, 'Rojo'),
(145, 'Verde'),
(146, 'Azul'),
(146, 'Blanco'),
(146, 'Verde'),
(147, 'Gris'),
(147, 'Negro'),
(148, 'Gris'),
(148, 'Negro'),
(148, 'Verde'),
(149, 'Azul'),
(149, 'Blanco'),
(149, 'Negro'),
(149, 'Rojo'),
(149, 'Verde'),
(150, 'Negro'),
(150, 'Verde'),
(151, 'Gris'),
(151, 'Rojo'),
(152, 'Azul'),
(152, 'Gris'),
(152, 'Negro'),
(152, 'Rojo'),
(152, 'Verde'),
(153, 'Azul'),
(153, 'Blanco'),
(153, 'Gris'),
(153, 'Negro'),
(153, 'Verde'),
(154, 'Azul'),
(154, 'Rojo'),
(155, 'Azul'),
(155, 'Gris'),
(155, 'Negro'),
(155, 'Rojo'),
(156, 'Azul'),
(156, 'Blanco'),
(156, 'Gris'),
(156, 'Negro'),
(156, 'Rojo'),
(156, 'Verde'),
(157, 'Azul'),
(157, 'Blanco'),
(157, 'Gris'),
(157, 'Negro'),
(157, 'Rojo'),
(157, 'Verde'),
(158, 'Azul'),
(158, 'Blanco'),
(158, 'Rojo'),
(159, 'Azul'),
(159, 'Gris'),
(159, 'Negro'),
(159, 'Rojo'),
(159, 'Verde'),
(160, 'Gris'),
(160, 'Verde'),
(161, 'Azul'),
(161, 'Negro'),
(162, 'Gris'),
(162, 'Verde'),
(163, 'Azul'),
(163, 'Blanco'),
(163, 'Gris'),
(163, 'Negro'),
(163, 'Rojo'),
(164, 'Azul'),
(164, 'Blanco'),
(164, 'Negro'),
(164, 'Rojo'),
(164, 'Verde'),
(165, 'Azul'),
(165, 'Blanco'),
(165, 'Negro'),
(166, 'Gris'),
(166, 'Negro'),
(166, 'Verde'),
(167, 'Azul'),
(167, 'Blanco'),
(167, 'Gris'),
(167, 'Rojo'),
(167, 'Verde'),
(168, 'Blanco'),
(168, 'Rojo'),
(169, 'Azul'),
(169, 'Gris'),
(169, 'Negro'),
(169, 'Rojo'),
(169, 'Verde'),
(170, 'Blanco'),
(170, 'Gris'),
(170, 'Negro'),
(170, 'Rojo'),
(171, 'Blanco'),
(171, 'Gris'),
(172, 'Azul'),
(172, 'Blanco'),
(172, 'Gris'),
(172, 'Negro'),
(172, 'Rojo'),
(172, 'Verde'),
(173, 'Azul'),
(173, 'Gris'),
(173, 'Negro'),
(174, 'Azul'),
(174, 'Gris'),
(175, 'Azul'),
(175, 'Blanco'),
(175, 'Gris'),
(175, 'Negro'),
(175, 'Rojo'),
(175, 'Verde'),
(176, 'Azul'),
(176, 'Blanco'),
(176, 'Gris'),
(176, 'Negro'),
(176, 'Rojo'),
(176, 'Verde'),
(177, 'Azul'),
(177, 'Blanco'),
(177, 'Gris'),
(177, 'Rojo'),
(177, 'Verde'),
(178, 'Blanco'),
(178, 'Rojo'),
(178, 'Verde'),
(179, 'Blanco'),
(179, 'Rojo'),
(179, 'Verde'),
(180, 'Azul'),
(180, 'Blanco'),
(180, 'Gris'),
(180, 'Negro'),
(180, 'Rojo'),
(181, 'Blanco'),
(181, 'Gris'),
(181, 'Negro'),
(181, 'Verde'),
(182, 'Azul'),
(182, 'Gris'),
(182, 'Rojo'),
(182, 'Verde'),
(183, 'Azul'),
(183, 'Blanco'),
(183, 'Gris'),
(183, 'Negro'),
(183, 'Rojo'),
(183, 'Verde'),
(184, 'Azul'),
(184, 'Blanco'),
(184, 'Negro'),
(184, 'Verde'),
(185, 'Azul'),
(185, 'Blanco'),
(185, 'Negro'),
(185, 'Rojo'),
(186, 'Gris'),
(186, 'Rojo'),
(186, 'Verde'),
(187, 'Blanco'),
(187, 'Rojo'),
(188, 'Azul'),
(188, 'Gris'),
(188, 'Rojo'),
(189, 'Blanco'),
(189, 'Negro'),
(189, 'Rojo'),
(190, 'Azul'),
(190, 'Blanco'),
(190, 'Gris'),
(190, 'Negro'),
(190, 'Rojo'),
(190, 'Verde'),
(191, 'Azul'),
(191, 'Blanco'),
(191, 'Gris'),
(191, 'Negro'),
(191, 'Rojo'),
(192, 'Blanco'),
(192, 'Negro'),
(192, 'Verde'),
(193, 'Azul'),
(193, 'Verde'),
(194, 'Blanco'),
(194, 'Rojo'),
(195, 'Blanco'),
(195, 'Rojo'),
(196, 'Azul'),
(196, 'Blanco'),
(196, 'Gris'),
(196, 'Rojo'),
(196, 'Verde'),
(197, 'Blanco'),
(197, 'Gris'),
(197, 'Verde'),
(198, 'Azul'),
(198, 'Blanco'),
(198, 'Rojo'),
(199, 'Negro'),
(199, 'Rojo'),
(199, 'Verde'),
(200, 'Azul'),
(200, 'Blanco'),
(200, 'Gris'),
(200, 'Negro'),
(200, 'Rojo'),
(200, 'Verde'),
(201, 'Azul'),
(201, 'Blanco'),
(201, 'Gris'),
(201, 'Negro'),
(201, 'Rojo'),
(201, 'Verde'),
(202, 'Blanco'),
(202, 'Negro'),
(203, 'Azul'),
(203, 'Blanco'),
(203, 'Gris'),
(203, 'Negro'),
(203, 'Rojo'),
(204, 'Gris'),
(204, 'Negro'),
(204, 'Rojo'),
(204, 'Verde');

-- --------------------------------------------------------

--
-- Estructura de tabla para la tabla `producto_tallas`
--

CREATE TABLE `producto_tallas` (
  `producto_id` smallint(5) UNSIGNED NOT NULL,
  `talla` varchar(10) NOT NULL
) ENGINE=InnoDB DEFAULT CHARSET=utf8mb4 COLLATE=utf8mb4_unicode_ci;

--
-- Volcado de datos para la tabla `producto_tallas`
--

INSERT INTO `producto_tallas` (`producto_id`, `talla`) VALUES
(1, '36'),
(1, '38'),
(1, '39'),
(1, '40'),
(1, '41'),
(1, '43'),
(2, '39'),
(2, '40'),
(2, '42'),
(3, '36'),
(3, '37'),
(3, '41'),
(3, '42'),
(3, '43'),
(3, '44'),
(4, '36'),
(4, '37'),
(4, '43'),
(4, '44'),
(5, '36'),
(5, '37'),
(5, '38'),
(5, '39'),
(5, '40'),
(5, '41'),
(5, '42'),
(5, '43'),
(5, '44'),
(6, '40'),
(7, '36'),
(7, '37'),
(7, '38'),
(7, '39'),
(7, '40'),
(7, '41'),
(7, '42'),
(7, '43'),
(7, '44'),
(8, '37'),
(8, '39'),
(8, '40'),
(9, '37'),
(9, '38'),
(9, '39'),
(9, '40'),
(9, '44'),
(10, '37'),
(10, '39'),
(10, '41'),
(10, '42'),
(10, '43'),
(10, '44'),
(11, '36'),
(11, '38'),
(11, '39'),
(11, '41'),
(11, '42'),
(11, '44'),
(12, '36'),
(12, '38'),
(12, '40'),
(12, '41'),
(12, '42'),
(12, '44'),
(13, '37'),
(13, '38'),
(13, '39'),
(13, '41'),
(13, '44'),
(14, '37'),
(14, '41'),
(14, '42'),
(15, '40'),
(16, '37'),
(16, '39'),
(16, '40'),
(16, '41'),
(16, '43'),
(16, '44'),
(17, '36'),
(17, '40'),
(17, '41'),
(17, '42'),
(18, '36'),
(18, '40'),
(19, '36'),
(19, '38'),
(19, '39'),
(19, '40'),
(19, '41'),
(19, '42'),
(19, '43'),
(19, '44'),
(20, '36'),
(20, '37'),
(20, '38'),
(20, '40'),
(20, '41'),
(20, '42'),
(20, '43'),
(21, '36'),
(21, '37'),
(21, '38'),
(21, '40'),
(21, '41'),
(21, '44'),
(22, '38'),
(22, '39'),
(22, '40'),
(22, '41'),
(22, '43'),
(22, '44'),
(23, '36'),
(23, '41'),
(23, '44'),
(24, '36'),
(24, '41'),
(24, '43'),
(24, '44'),
(25, '38'),
(25, '39'),
(25, '40'),
(25, '41'),
(26, '37'),
(26, '38'),
(26, '39'),
(26, '40'),
(26, '41'),
(26, '42'),
(26, '43'),
(26, '44'),
(27, '38'),
(27, '39'),
(27, '40'),
(27, '44'),
(28, '39'),
(28, '42'),
(28, '43'),
(28, '44'),
(29, '37'),
(29, '38'),
(29, '40'),
(29, '41'),
(30, '36'),
(30, '37'),
(30, '39'),
(30, '42'),
(30, '44'),
(31, 'L'),
(31, 'XS'),
(32, 'L'),
(32, 'S'),
(32, 'XS'),
(32, 'XXL'),
(33, 'L'),
(33, 'M'),
(33, 'S'),
(33, 'XL'),
(33, 'XS'),
(33, 'XXL'),
(34, 'L'),
(34, 'M'),
(34, 'S'),
(34, 'XS'),
(35, 'XXL'),
(36, 'Unico'),
(37, 'Unico'),
(38, 'Unico'),
(39, 'Unico'),
(40, 'Unico'),
(41, 'Unico'),
(42, 'Unico'),
(43, 'Unico'),
(44, 'Unico'),
(45, 'Unico'),
(46, 'L'),
(46, 'M'),
(46, 'XL'),
(46, 'XS'),
(47, 'L'),
(48, 'L'),
(48, 'S'),
(48, 'XS'),
(49, 'L'),
(49, 'M'),
(49, 'XL'),
(49, 'XS'),
(50, 'S'),
(50, 'XXL'),
(51, 'XS'),
(52, 'L'),
(52, 'M'),
(52, 'S'),
(52, 'XL'),
(52, 'XS'),
(53, 'M'),
(53, 'S'),
(53, 'XL'),
(53, 'XS'),
(53, 'XXL'),
(54, 'L'),
(54, 'S'),
(54, 'XL'),
(55, 'L'),
(55, 'M'),
(55, 'S'),
(55, 'XL'),
(55, 'XS'),
(55, 'XXL'),
(56, 'L'),
(56, 'XS'),
(56, 'XXL'),
(57, 'XS'),
(57, 'XXL'),
(58, 'L'),
(58, 'M'),
(58, 'S'),
(58, 'XS'),
(58, 'XXL'),
(59, 'L'),
(59, 'M'),
(59, 'S'),
(59, 'XL'),
(59, 'XS'),
(59, 'XXL'),
(60, 'L'),
(60, 'S'),
(60, 'XS'),
(61, 'M'),
(61, 'XL'),
(61, 'XS'),
(61, 'XXL'),
(62, 'L'),
(62, 'S'),
(62, 'XS'),
(62, 'XXL'),
(63, 'L'),
(63, 'M'),
(63, 'S'),
(63, 'XL'),
(63, 'XS'),
(63, 'XXL'),
(64, '36'),
(64, '37'),
(64, '38'),
(64, '39'),
(64, '43'),
(64, '44'),
(65, '36'),
(65, '38'),
(65, '39'),
(65, '40'),
(65, '41'),
(65, '42'),
(65, '43'),
(65, '44'),
(66, '38'),
(66, '44'),
(67, '36'),
(67, '37'),
(67, '38'),
(67, '41'),
(67, '42'),
(67, '43'),
(67, '44'),
(68, '37'),
(68, '38'),
(68, '39'),
(68, '40'),
(68, '42'),
(68, '43'),
(68, '44'),
(69, '43'),
(70, '36'),
(70, '37'),
(70, '38'),
(70, '39'),
(70, '40'),
(70, '41'),
(70, '42'),
(70, '43'),
(70, '44'),
(71, '36'),
(71, '37'),
(71, '38'),
(71, '39'),
(71, '40'),
(71, '43'),
(71, '44'),
(72, '39'),
(72, '41'),
(72, '42'),
(72, '44'),
(73, '40'),
(73, '42'),
(73, '43'),
(73, '44'),
(74, '36'),
(74, '37'),
(74, '38'),
(74, '39'),
(74, '40'),
(74, '41'),
(74, '42'),
(74, '44'),
(75, '36'),
(75, '39'),
(75, '43'),
(75, '44'),
(76, '37'),
(76, '40'),
(76, '41'),
(76, '42'),
(76, '44'),
(77, '43'),
(78, '37'),
(78, '39'),
(78, '40'),
(78, '41'),
(78, '42'),
(79, '36'),
(79, '40'),
(79, '43'),
(80, '36'),
(80, '43'),
(81, '44'),
(82, '36'),
(82, '37'),
(82, '38'),
(82, '39'),
(82, '40'),
(82, '41'),
(82, '42'),
(82, '43'),
(82, '44'),
(83, '40'),
(84, '36'),
(84, '37'),
(84, '38'),
(84, '39'),
(84, '40'),
(84, '41'),
(84, '42'),
(84, '43'),
(85, '36'),
(85, '37'),
(85, '38'),
(85, '39'),
(85, '40'),
(85, '41'),
(85, '42'),
(85, '43'),
(85, '44'),
(86, '36'),
(86, '37'),
(86, '38'),
(86, '39'),
(86, '40'),
(86, '41'),
(86, '42'),
(86, '44'),
(87, '37'),
(87, '40'),
(87, '41'),
(87, '42'),
(87, '43'),
(88, '36'),
(88, '37'),
(88, '38'),
(88, '39'),
(88, '40'),
(88, '41'),
(88, '42'),
(88, '43'),
(88, '44'),
(89, '36'),
(89, '37'),
(89, '38'),
(89, '39'),
(89, '40'),
(89, '41'),
(89, '42'),
(89, '43'),
(89, '44'),
(90, '36'),
(90, '38'),
(90, '40'),
(90, '42'),
(90, '43'),
(91, '36'),
(91, '41'),
(92, '38'),
(92, '39'),
(92, '41'),
(92, '42'),
(92, '43'),
(93, '36'),
(93, '44'),
(94, '36'),
(94, '37'),
(94, '38'),
(94, '39'),
(94, '40'),
(94, '41'),
(94, '42'),
(94, '43'),
(94, '44'),
(95, '36'),
(95, '37'),
(95, '38'),
(95, '39'),
(95, '40'),
(95, '41'),
(95, '42'),
(95, '43'),
(95, '44'),
(96, '36'),
(96, '38'),
(96, '41'),
(96, '42'),
(96, '44'),
(97, '36'),
(97, '38'),
(97, '41'),
(98, '40'),
(99, '36'),
(99, '37'),
(99, '41'),
(99, '43'),
(100, '36'),
(100, '37'),
(100, '43'),
(100, '44'),
(101, '38'),
(101, '39'),
(101, '40'),
(101, '41'),
(101, '43'),
(102, '44'),
(103, '36'),
(103, '44'),
(104, 'M'),
(104, 'S'),
(104, 'XL'),
(104, 'XS'),
(105, 'L'),
(105, 'S'),
(105, 'XS'),
(106, 'XL'),
(107, 'L'),
(107, 'M'),
(107, 'S'),
(107, 'XL'),
(107, 'XS'),
(107, 'XXL'),
(108, 'L'),
(108, 'M'),
(108, 'XS'),
(108, 'XXL'),
(109, 'L'),
(109, 'XL'),
(109, 'XS'),
(109, 'XXL'),
(110, 'L'),
(110, 'M'),
(110, 'S'),
(110, 'XL'),
(110, 'XS'),
(110, 'XXL'),
(111, 'M'),
(112, 'M'),
(112, 'S'),
(112, 'XL'),
(112, 'XS'),
(112, 'XXL'),
(113, 'M'),
(114, 'Unico'),
(115, 'Unico'),
(116, 'Unico'),
(117, 'Unico'),
(118, 'Unico'),
(119, 'Unico'),
(120, 'Unico'),
(121, 'Unico'),
(122, 'Unico'),
(123, 'Unico'),
(124, 'L'),
(124, 'S'),
(124, 'XL'),
(124, 'XS'),
(124, 'XXL'),
(125, 'L'),
(125, 'M'),
(125, 'S'),
(125, 'XL'),
(125, 'XS'),
(125, 'XXL'),
(126, 'L'),
(126, 'M'),
(126, 'S'),
(126, 'XL'),
(126, 'XS'),
(126, 'XXL'),
(127, 'L'),
(127, 'M'),
(127, 'S'),
(127, 'XL'),
(127, 'XS'),
(127, 'XXL'),
(128, 'L'),
(128, 'M'),
(128, 'S'),
(128, 'XXL'),
(129, 'L'),
(129, 'M'),
(129, 'S'),
(129, 'XL'),
(129, 'XS'),
(129, 'XXL'),
(130, 'L'),
(130, 'M'),
(130, 'S'),
(130, 'XS'),
(130, 'XXL'),
(131, '38'),
(131, '42'),
(131, '43'),
(132, '36'),
(132, '37'),
(132, '38'),
(132, '40'),
(132, '42'),
(133, '37'),
(133, '38'),
(134, '37'),
(134, '39'),
(134, '42'),
(134, '43'),
(135, '36'),
(135, '37'),
(135, '38'),
(135, '39'),
(135, '40'),
(135, '41'),
(135, '42'),
(135, '44'),
(136, '36'),
(136, '41'),
(136, '42'),
(136, '43'),
(136, '44'),
(137, '36'),
(137, '39'),
(137, '42'),
(137, '44'),
(138, '36'),
(138, '37'),
(138, '38'),
(138, '39'),
(138, '40'),
(138, '41'),
(138, '42'),
(138, '43'),
(138, '44'),
(139, '36'),
(139, '37'),
(139, '38'),
(139, '39'),
(139, '40'),
(139, '41'),
(139, '42'),
(139, '43'),
(139, '44'),
(140, '39'),
(140, '44'),
(141, '39'),
(141, '41'),
(142, '36'),
(142, '37'),
(142, '38'),
(142, '39'),
(142, '40'),
(142, '41'),
(142, '42'),
(142, '43'),
(142, '44'),
(143, '39'),
(144, '38'),
(145, '36'),
(145, '37'),
(145, '38'),
(145, '39'),
(145, '40'),
(145, '42'),
(145, '43'),
(145, '44'),
(146, '37'),
(146, '41'),
(146, '44'),
(147, '39'),
(147, '40'),
(147, '41'),
(147, '43'),
(148, '37'),
(148, '39'),
(148, '43'),
(149, '36'),
(149, '37'),
(149, '38'),
(149, '39'),
(149, '40'),
(149, '41'),
(149, '42'),
(149, '43'),
(149, '44'),
(150, '36'),
(150, '37'),
(150, '39'),
(150, '40'),
(151, '37'),
(151, '38'),
(151, '40'),
(151, '43'),
(151, '44'),
(152, '36'),
(152, '37'),
(152, '38'),
(152, '39'),
(152, '40'),
(152, '41'),
(152, '42'),
(152, '44'),
(153, '42'),
(153, '43'),
(154, '36'),
(154, '37'),
(154, '39'),
(154, '42'),
(155, '36'),
(155, '37'),
(155, '38'),
(155, '39'),
(155, '40'),
(155, '41'),
(155, '42'),
(155, '43'),
(155, '44'),
(156, '43'),
(157, '37'),
(157, '41'),
(157, '43'),
(158, '38'),
(158, '43'),
(159, '43'),
(160, '38'),
(160, '39'),
(160, '40'),
(160, '41'),
(160, '42'),
(160, '43'),
(160, '44'),
(161, '40'),
(161, '43'),
(161, '44'),
(162, '40'),
(163, '36'),
(163, '38'),
(163, '39'),
(163, '41'),
(163, '42'),
(164, '41'),
(164, '42'),
(165, '42'),
(165, '44'),
(166, '36'),
(166, '37'),
(166, '38'),
(166, '39'),
(166, '40'),
(166, '41'),
(166, '42'),
(166, '43'),
(166, '44'),
(167, '36'),
(167, '37'),
(167, '38'),
(167, '39'),
(167, '43'),
(168, '36'),
(168, '37'),
(168, '38'),
(168, '39'),
(168, '40'),
(168, '41'),
(168, '42'),
(168, '43'),
(169, '40'),
(170, '36'),
(170, '37'),
(170, '38'),
(170, '39'),
(170, '40'),
(170, '41'),
(170, '42'),
(170, '43'),
(170, '44'),
(171, '37'),
(171, '38'),
(171, '39'),
(171, '40'),
(171, '41'),
(171, '42'),
(171, '43'),
(171, '44'),
(172, '36'),
(172, '38'),
(172, '39'),
(172, '40'),
(172, '41'),
(172, '42'),
(172, '43'),
(173, '36'),
(173, '37'),
(173, '38'),
(173, '39'),
(173, '40'),
(173, '42'),
(173, '44'),
(174, '36'),
(174, '39'),
(175, '36'),
(175, '37'),
(175, '38'),
(175, '42'),
(175, '43'),
(175, '44'),
(176, '37'),
(177, '38'),
(178, '37'),
(178, '38'),
(178, '39'),
(178, '41'),
(178, '42'),
(178, '43'),
(178, '44'),
(179, '36'),
(179, '38'),
(179, '40'),
(179, '41'),
(179, '43'),
(179, '44'),
(180, '38'),
(180, '41'),
(180, '42'),
(181, '38'),
(181, '41'),
(182, '36'),
(182, '37'),
(182, '38'),
(182, '39'),
(182, '40'),
(182, '41'),
(182, '42'),
(182, '43'),
(182, '44'),
(183, '38'),
(183, '39'),
(183, '41'),
(183, '43'),
(183, '44'),
(184, '36'),
(184, '37'),
(184, '39'),
(184, '40'),
(184, '42'),
(184, '44'),
(185, '36'),
(185, '37'),
(185, '38'),
(185, '39'),
(185, '40'),
(185, '41'),
(185, '42'),
(185, '44'),
(186, 'Unico'),
(187, 'Unico'),
(188, 'Unico'),
(189, 'Unico'),
(190, 'L'),
(190, 'S'),
(190, 'XS'),
(191, 'Unico'),
(192, 'Unico'),
(193, 'Unico'),
(194, 'Unico'),
(195, 'Unico'),
(196, 'Unico'),
(197, 'Unico'),
(198, 'Unico'),
(199, 'Unico'),
(200, 'Unico'),
(201, 'Unico'),
(202, 'Unico'),
(203, 'Unico'),
(204, 'Unico');

-- --------------------------------------------------------

--
-- Estructura de tabla para la tabla `respuestas`
--

CREATE TABLE `respuestas` (
  `id` int(10) UNSIGNED NOT NULL,
  `intencion_id` smallint(5) UNSIGNED NOT NULL,
  `texto` text NOT NULL,
  `peso` tinyint(3) UNSIGNED NOT NULL DEFAULT 1,
  `activo` tinyint(1) NOT NULL DEFAULT 1,
  `creado_en` timestamp NOT NULL DEFAULT current_timestamp()
) ENGINE=InnoDB DEFAULT CHARSET=utf8mb4 COLLATE=utf8mb4_unicode_ci;

--
-- Volcado de datos para la tabla `respuestas`
--

INSERT INTO `respuestas` (`id`, `intencion_id`, `texto`, `peso`, `activo`, `creado_en`) VALUES
(1, 1, '¡Hola! Bienvenido  ¿En qué puedo ayudarte hoy?', 1, 1, '2026-04-22 19:07:25'),
(2, 1, 'Hola, soy tu asistente virtual. ¿Buscas calzado, ropa o accesorios?', 1, 1, '2026-04-22 19:07:25'),
(3, 1, '¡Qué gusto saludarte! Estoy aquí para informarte sobre nuestros productos.', 1, 1, '2026-04-22 19:07:25'),
(4, 2, '¡Hasta pronto! Espero haber sido de ayuda.', 1, 1, '2026-04-22 19:07:25'),
(5, 2, 'Gracias por visitar SENATI SPORTS. ¡Que tengas un gran día!', 1, 1, '2026-04-22 19:07:25'),
(6, 2, 'Adiós, vuelve pronto por más equipo deportivo.', 1, 1, '2026-04-22 19:07:25'),
(7, 3, '¡Encontré productos que coinciden! Te los muestro en el catálogo.', 1, 1, '2026-04-22 19:07:25'),
(8, 3, 'Sí, tenemos opciones. Mira los resultados filtrados arriba.', 1, 1, '2026-04-22 19:07:25'),
(9, 3, 'Perfecto, he filtrado por lo que pides. ¿Cuál te interesa?', 1, 1, '2026-04-22 19:07:25'),
(10, 4, '¡Listo! He filtrado el catálogo para esa categoría.', 1, 1, '2026-04-22 19:07:25'),
(11, 4, 'Aquí tienes los productos de esa categoría.', 1, 1, '2026-04-22 19:07:25'),
(12, 4, 'Catálogo actualizado. Explora las opciones.', 1, 1, '2026-04-22 19:07:25'),
(13, 5, 'Perfecto, filtré por género como pediste.', 1, 1, '2026-04-22 19:07:25'),
(14, 5, 'Listo, te muestro productos según el género.', 1, 1, '2026-04-22 19:07:25'),
(15, 5, 'Aplicado el filtro de género.', 1, 1, '2026-04-22 19:07:25'),
(16, 6, 'El precio depende del modelo. ¿Qué producto te interesa?', 1, 1, '2026-04-22 19:07:25'),
(17, 6, 'Nuestros precios van desde S/ 19.90 hasta S/ 189.90. Dime qué buscas.', 1, 1, '2026-04-22 19:07:25'),
(18, 6, 'Puedo darte el precio exacto si me dices el producto.', 1, 1, '2026-04-22 19:07:25'),
(19, 7, 'Trabajamos con 6 colores: Negro, Blanco, Rojo, Azul, Gris y Verde.', 1, 1, '2026-04-22 19:07:25'),
(20, 7, 'Disponibles en Negro, Blanco, Rojo, Azul, Gris y Verde según modelo.', 1, 1, '2026-04-22 19:07:25'),
(21, 8, '¡Excelente! Haz clic en \'AGREGAR\' en la tarjeta del producto.', 1, 1, '2026-04-22 19:07:25'),
(22, 8, 'Para comprar, selecciona el producto y presiona AGREGAR. Luego ve al carrito.', 1, 1, '2026-04-22 19:07:25'),
(23, 9, 'Lamentamos el inconveniente. Para devoluciones o cambios, nuestra política requiere que el producto esté sin uso, en su empaque original y presentar el comprobante de pago dentro de los primeros 7 días. Por favor comunícate a nuestro correo de soporte@senatisports.com para ayudarte.', 1, 1, '2026-04-22 19:07:25'),
(24, 10, '¡Sí! Tenemos 20% en Running y envío gratis por compras sobre S/ 300 en Chiclayo.', 1, 1, '2026-04-22 19:07:25'),
(25, 10, 'Estudiantes SENATI tienen 10% adicional con correo institucional.', 1, 1, '2026-04-22 19:07:25'),
(26, 11, '¡De nada! ¿Algo más en lo que te ayude?', 1, 1, '2026-04-22 19:07:25'),
(27, 11, '¡Con gusto! Avísame si necesitas otra cosa.', 1, 1, '2026-04-22 19:07:25'),
(28, 12, 'Disponible en tallas: {tallas}.', 1, 1, '2026-04-22 19:07:25'),
(29, 12, 'Tenemos stock en: {tallas}.', 1, 1, '2026-04-22 19:07:25'),
(30, 13, 'Soy un asistente de SENATI Sports, solo puedo ayudarte con nuestro catálogo de ropa y calzado deportivo.', 1, 1, '2026-04-22 19:07:25'),
(31, 13, 'No entiendo tu consulta. Puedes preguntarme nuevamente sobre calzado o ropa.', 1, 1, '2026-04-22 19:07:25'),
(32, 14, 'Atendemos de lunes a sábado de 9am a 8pm. Hacemos envíos por delivery a todo el Perú, con envío gratis en Chiclayo por compras mayores a S/300. Aceptamos tarjetas, Yape, Plin y contraentrega.', 1, 1, '2026-04-22 19:07:25');

-- --------------------------------------------------------

--
-- Estructura de tabla para la tabla `sesiones`
--

CREATE TABLE `sesiones` (
  `id` int(10) UNSIGNED NOT NULL,
  `sesion_id` varchar(64) NOT NULL,
  `iniciada_en` timestamp NOT NULL DEFAULT current_timestamp(),
  `ultima_act` timestamp NOT NULL DEFAULT current_timestamp() ON UPDATE current_timestamp()
) ENGINE=InnoDB DEFAULT CHARSET=utf8mb4 COLLATE=utf8mb4_unicode_ci;

-- --------------------------------------------------------

--
-- Estructura Stand-in para la vista `vista_intents_completa`
-- (Véase abajo para la vista actual)
--
CREATE TABLE `vista_intents_completa` (
`tag` varchar(60)
,`patrones` mediumtext
,`respuestas` mediumtext
);

-- --------------------------------------------------------

--
-- Estructura Stand-in para la vista `vista_productos_completa`
-- (Véase abajo para la vista actual)
--
CREATE TABLE `vista_productos_completa` (
`id` smallint(5) unsigned
,`nombre` varchar(255)
,`precio` decimal(10,2)
,`categoria` varchar(50)
,`genero` enum('Hombre','Mujer','Unisex','Niño','Niña')
,`color_principal` varchar(50)
,`colores` mediumtext
,`tallas` mediumtext
,`stock` smallint(5) unsigned
,`rating` decimal(3,1)
,`descripcion` text
,`imagen_url` varchar(500)
);

-- --------------------------------------------------------

--
-- Estructura para la vista `vista_intents_completa`
--
DROP TABLE IF EXISTS `vista_intents_completa`;

CREATE ALGORITHM=UNDEFINED DEFINER=`root`@`localhost` SQL SECURITY DEFINER VIEW `vista_intents_completa`  AS SELECT `i`.`tag` AS `tag`, group_concat(distinct `p`.`texto` order by `p`.`id` ASC separator '|||') AS `patrones`, group_concat(distinct `r`.`texto` order by `r`.`id` ASC separator '|||') AS `respuestas` FROM ((`intenciones` `i` left join `patrones` `p` on(`p`.`intencion_id` = `i`.`id` and `p`.`activo` = 1)) left join `respuestas` `r` on(`r`.`intencion_id` = `i`.`id` and `r`.`activo` = 1)) WHERE `i`.`activo` = 1 GROUP BY `i`.`id`, `i`.`tag` ORDER BY `i`.`id` ASC ;

-- --------------------------------------------------------

--
-- Estructura para la vista `vista_productos_completa`
--
DROP TABLE IF EXISTS `vista_productos_completa`;

CREATE ALGORITHM=UNDEFINED DEFINER=`root`@`localhost` SQL SECURITY DEFINER VIEW `vista_productos_completa`  AS SELECT `p`.`id` AS `id`, `p`.`nombre` AS `nombre`, `p`.`precio` AS `precio`, `c`.`nombre` AS `categoria`, `p`.`genero` AS `genero`, `p`.`color` AS `color_principal`, group_concat(distinct `pc`.`color` order by `pc`.`color` ASC separator ', ') AS `colores`, group_concat(distinct `pt`.`talla` order by `pt`.`talla` + 0 ASC,`pt`.`talla` ASC separator ', ') AS `tallas`, `p`.`stock` AS `stock`, `p`.`rating` AS `rating`, `p`.`descripcion` AS `descripcion`, `p`.`imagen_url` AS `imagen_url` FROM (((`productos` `p` join `categorias` `c` on(`p`.`categoria_id` = `c`.`id`)) left join `producto_colores` `pc` on(`pc`.`producto_id` = `p`.`id`)) left join `producto_tallas` `pt` on(`pt`.`producto_id` = `p`.`id`)) WHERE `p`.`activo` = 1 GROUP BY `p`.`id`, `p`.`nombre`, `p`.`precio`, `c`.`nombre`, `p`.`genero`, `p`.`color`, `p`.`stock`, `p`.`rating`, `p`.`descripcion`, `p`.`imagen_url` ;

--
-- Índices para tablas volcadas
--

--
-- Indices de la tabla `categorias`
--
ALTER TABLE `categorias`
  ADD PRIMARY KEY (`id`),
  ADD UNIQUE KEY `uq_cat_nombre` (`nombre`);

--
-- Indices de la tabla `historial_chat`
--
ALTER TABLE `historial_chat`
  ADD PRIMARY KEY (`id`),
  ADD KEY `idx_hc_sesion` (`sesion_id`),
  ADD KEY `idx_hc_creado` (`creado_en`),
  ADD KEY `idx_hc_intent` (`intent_detectado`);

--
-- Indices de la tabla `intenciones`
--
ALTER TABLE `intenciones`
  ADD PRIMARY KEY (`id`),
  ADD UNIQUE KEY `uq_intent_tag` (`tag`);

--
-- Indices de la tabla `memoria_usuario`
--
ALTER TABLE `memoria_usuario`
  ADD PRIMARY KEY (`sesion_id`),
  ADD KEY `idx_mem_tag` (`ultimo_tag`),
  ADD KEY `fk_mem_prod` (`producto_id_actual`);

--
-- Indices de la tabla `patrones`
--
ALTER TABLE `patrones`
  ADD PRIMARY KEY (`id`),
  ADD KEY `idx_intencion` (`intencion_id`);

--
-- Indices de la tabla `productos`
--
ALTER TABLE `productos`
  ADD PRIMARY KEY (`id`),
  ADD KEY `idx_cat` (`categoria_id`),
  ADD KEY `idx_genero` (`genero`),
  ADD KEY `idx_precio` (`precio`),
  ADD KEY `idx_rating` (`rating`);
ALTER TABLE `productos` ADD FULLTEXT KEY `ft_nombre_desc` (`nombre`,`descripcion`);

--
-- Indices de la tabla `producto_colores`
--
ALTER TABLE `producto_colores`
  ADD PRIMARY KEY (`producto_id`,`color`);

--
-- Indices de la tabla `producto_tallas`
--
ALTER TABLE `producto_tallas`
  ADD PRIMARY KEY (`producto_id`,`talla`);

--
-- Indices de la tabla `respuestas`
--
ALTER TABLE `respuestas`
  ADD PRIMARY KEY (`id`),
  ADD KEY `idx_resp_intent` (`intencion_id`);

--
-- Indices de la tabla `sesiones`
--
ALTER TABLE `sesiones`
  ADD PRIMARY KEY (`id`),
  ADD UNIQUE KEY `uq_sesion` (`sesion_id`);

--
-- AUTO_INCREMENT de las tablas volcadas
--

--
-- AUTO_INCREMENT de la tabla `categorias`
--
ALTER TABLE `categorias`
  MODIFY `id` tinyint(3) UNSIGNED NOT NULL AUTO_INCREMENT, AUTO_INCREMENT=5;

--
-- AUTO_INCREMENT de la tabla `historial_chat`
--
ALTER TABLE `historial_chat`
  MODIFY `id` int(10) UNSIGNED NOT NULL AUTO_INCREMENT;

--
-- AUTO_INCREMENT de la tabla `intenciones`
--
ALTER TABLE `intenciones`
  MODIFY `id` smallint(5) UNSIGNED NOT NULL AUTO_INCREMENT, AUTO_INCREMENT=15;

--
-- AUTO_INCREMENT de la tabla `patrones`
--
ALTER TABLE `patrones`
  MODIFY `id` int(10) UNSIGNED NOT NULL AUTO_INCREMENT, AUTO_INCREMENT=1470;

--
-- AUTO_INCREMENT de la tabla `respuestas`
--
ALTER TABLE `respuestas`
  MODIFY `id` int(10) UNSIGNED NOT NULL AUTO_INCREMENT, AUTO_INCREMENT=33;

--
-- AUTO_INCREMENT de la tabla `sesiones`
--
ALTER TABLE `sesiones`
  MODIFY `id` int(10) UNSIGNED NOT NULL AUTO_INCREMENT;

--
-- Restricciones para tablas volcadas
--

--
-- Filtros para la tabla `historial_chat`
--
ALTER TABLE `historial_chat`
  ADD CONSTRAINT `fk_hc_sesion` FOREIGN KEY (`sesion_id`) REFERENCES `sesiones` (`sesion_id`) ON DELETE CASCADE ON UPDATE CASCADE;

--
-- Filtros para la tabla `memoria_usuario`
--
ALTER TABLE `memoria_usuario`
  ADD CONSTRAINT `fk_mem_prod` FOREIGN KEY (`producto_id_actual`) REFERENCES `productos` (`id`) ON DELETE SET NULL ON UPDATE CASCADE,
  ADD CONSTRAINT `fk_mem_sesion` FOREIGN KEY (`sesion_id`) REFERENCES `sesiones` (`sesion_id`) ON DELETE CASCADE ON UPDATE CASCADE;

--
-- Filtros para la tabla `patrones`
--
ALTER TABLE `patrones`
  ADD CONSTRAINT `fk_pat_intent` FOREIGN KEY (`intencion_id`) REFERENCES `intenciones` (`id`) ON DELETE CASCADE ON UPDATE CASCADE;

--
-- Filtros para la tabla `productos`
--
ALTER TABLE `productos`
  ADD CONSTRAINT `fk_prod_cat` FOREIGN KEY (`categoria_id`) REFERENCES `categorias` (`id`) ON UPDATE CASCADE;

--
-- Filtros para la tabla `producto_colores`
--
ALTER TABLE `producto_colores`
  ADD CONSTRAINT `fk_pc_prod` FOREIGN KEY (`producto_id`) REFERENCES `productos` (`id`) ON DELETE CASCADE ON UPDATE CASCADE;

--
-- Filtros para la tabla `producto_tallas`
--
ALTER TABLE `producto_tallas`
  ADD CONSTRAINT `fk_pt_prod` FOREIGN KEY (`producto_id`) REFERENCES `productos` (`id`) ON DELETE CASCADE ON UPDATE CASCADE;

--
-- Filtros para la tabla `respuestas`
--
ALTER TABLE `respuestas`
  ADD CONSTRAINT `fk_resp_intent` FOREIGN KEY (`intencion_id`) REFERENCES `intenciones` (`id`) ON DELETE CASCADE ON UPDATE CASCADE;
COMMIT;

/*!40101 SET CHARACTER_SET_CLIENT=@OLD_CHARACTER_SET_CLIENT */;
/*!40101 SET CHARACTER_SET_RESULTS=@OLD_CHARACTER_SET_RESULTS */;
/*!40101 SET COLLATION_CONNECTION=@OLD_COLLATION_CONNECTION */;
